date,page,clicks,impressions,position
2026-08-18,https://sixten.jp/,1,1,1
2026-08-19,https://sixten.jp/,1,1,2
2026-08-19,https://sixten.jp/journal/023-watford-pelicans.html,0,2,4
2026-08-19,https://sixten.jp/media/chris-basketball-diary.html,0,1,5
2026-08-20,https://sixten.jp/journal/019-toyama-kurobe-hachimura.html,0,1,8
2026-08-20,https://sixten.jp/journal/024-highsmith-suns.html,0,9,2.2
2026-08-20,https://sixten.jp/journal/025-lakers-buss-family-sale.html,0,3,9.3
2026-08-21,https://sixten.jp/journal/019-toyama-kurobe-hachimura.html,0,4,8.8
2026-08-21,https://sixten.jp/journal/023-watford-pelicans.html,0,1,5
2026-08-21,https://sixten.jp/journal/024-highsmith-suns.html,0,1,6
2026-08-21,https://sixten.jp/journal/025-lakers-buss-family-sale.html,0,1,9
2026-08-21,https://sixten.jp/media/chris-basketball-diary.html,0,1,4
2026-08-22,https://sixten.jp/journal/019-toyama-kurobe-hachimura.html,0,5,22
2026-08-22,https://sixten.jp/journal/025-lakers-buss-family-sale.html,0,2,17.5
2026-08-23,https://sixten.jp/journal/019-toyama-kurobe-hachimura.html,0,2,10.5
2026-08-23,https://sixten.jp/journal/025-lakers-buss-family-sale.html,0,1,8
2026-08-23,https://sixten.jp/journal/027-converse-accelerator.html,0,2,14
2026-08-24,https://sixten.jp/journal/019-toyama-kurobe-hachimura.html,0,2,51
2026-08-25,https://sixten.jp/journal/021-westbrook-retires.html,0,1,44
2026-08-25,https://sixten.jp/journal/025-lakers-buss-family-sale.html,0,1,5
2026-08-25,https://sixten.jp/journal/026-watson-cavaliers.html,0,1,9
2026-08-26,https://sixten.jp/,0,3,5
2026-08-26,https://sixten.jp/journal/027-converse-accelerator.html,0,1,19
2026-08-26,https://sixten.jp/journal/041-niang-warriors.html,0,4,6.8
2026-08-26,https://sixten.jp/journal/046-mathurin-pelicans.html,0,1,6
2026-08-26,https://sixten.jp/journal/index.html?cat=KICKS,0,3,3
2026-08-26,https://sixten.jp/journal/index.html?cat=REPORT,1,3,1
2026-08-27,https://sixten.jp/journal/,0,1,3
2026-08-27,https://sixten.jp/journal/037-haruyoshi-yanagigaura.html,0,1,4
2026-08-27,https://sixten.jp/journal/040-williams-warriors.html,0,2,9
2026-08-27,https://sixten.jp/journal/041-niang-warriors.html,0,1,1
2026-08-27,https://sixten.jp/journal/042-broncos-akita-preseason.html,0,3,6
2026-08-27,https://sixten.jp/journal/043-payrollcup-4th-wheelchair.html,0,3,5
2026-08-27,https://sixten.jp/journal/046-mathurin-pelicans.html,0,4,7.8
2026-08-27,https://sixten.jp/journal/047-kuminga-timberwolves.html,0,1,5
2026-08-27,https://sixten.jp/journal/050-hokurikugakuin-komatsuwall.html,1,6,4.2
2026-08-27,https://sixten.jp/media/chris-basketball-diary.html,0,2,15
2026-08-28,https://sixten.jp/journal/,0,1,10
2026-08-28,https://sixten.jp/journal/023-watford-pelicans.html,0,1,11
2026-08-28,https://sixten.jp/journal/025-lakers-buss-family-sale.html,0,1,11
2026-08-28,https://sixten.jp/journal/028-harden-cavaliers.html,0,1,9
2026-08-28,https://sixten.jp/journal/036-anker-nagasaki-velca.html,0,1,11
2026-08-28,https://sixten.jp/journal/037-haruyoshi-yanagigaura.html,0,2,6
2026-08-28,https://sixten.jp/journal/038-jue-jones-cup-wkbl.html,0,1,5
2026-08-28,https://sixten.jp/journal/040-williams-warriors.html,0,6,1.7
2026-08-28,https://sixten.jp/journal/041-niang-warriors.html,0,4,9.5
2026-08-28,https://sixten.jp/journal/042-broncos-akita-preseason.html,0,8,8.9
2026-08-28,https://sixten.jp/journal/043-payrollcup-4th-wheelchair.html,1,6,7.3
2026-08-28,https://sixten.jp/journal/046-mathurin-pelicans.html,0,1,8
2026-08-28,https://sixten.jp/journal/048-fujita-japan-coach.html,0,2,9
2026-08-28,https://sixten.jp/journal/050-hokurikugakuin-komatsuwall.html,0,2,4
2026-08-28,https://sixten.jp/journal/051-nakamura-asano-jonescup.html,0,1,4
2026-08-28,https://sixten.jp/journal/052-lowry-raptors-retired-number.html,0,4,8
2026-08-28,https://sixten.jp/journal/053-yoneda-u18-tryout.html,0,5,7.6
2026-08-28,https://sixten.jp/media/chris-basketball-diary.html,1,1,2
2026-08-29,https://sixten.jp/journal/023-watford-pelicans.html,0,1,10
2026-08-29,https://sixten.jp/journal/036-anker-nagasaki-velca.html,0,1,8
2026-08-29,https://sixten.jp/journal/037-haruyoshi-yanagigaura.html,0,1,5
2026-08-29,https://sixten.jp/journal/038-jue-jones-cup-wkbl.html,1,1,16
2026-08-29,https://sixten.jp/journal/039-sharpe-injury.html,0,1,8
2026-08-29,https://sixten.jp/journal/040-williams-warriors.html,0,3,5.7
2026-08-29,https://sixten.jp/journal/041-niang-warriors.html,0,3,8
2026-08-29,https://sixten.jp/journal/042-broncos-akita-preseason.html,0,5,8.4
2026-08-29,https://sixten.jp/journal/043-payrollcup-4th-wheelchair.html,0,2,4.5
2026-08-29,https://sixten.jp/journal/046-mathurin-pelicans.html,0,1,9
2026-08-29,https://sixten.jp/journal/052-lowry-raptors-retired-number.html,0,1,9
2026-08-29,https://sixten.jp/journal/053-yoneda-u18-tryout.html,0,2,6
2026-08-29,https://sixten.jp/media/chris-basketball-diary.html,0,1,46
2026-08-30,https://sixten.jp/journal/041-niang-warriors.html,0,2,12
2026-08-30,https://sixten.jp/journal/043-payrollcup-4th-wheelchair.html,0,2,4.5
2026-08-30,https://sixten.jp/journal/046-mathurin-pelicans.html,0,2,7
2026-08-30,https://sixten.jp/journal/050-hokurikugakuin-komatsuwall.html,0,5,6.4
2026-08-30,https://sixten.jp/journal/053-yoneda-u18-tryout.html,0,1,9
2026-08-31,https://sixten.jp/journal/,0,1,7
2026-08-31,https://sixten.jp/journal/021-westbrook-retires.html,0,2,31.5
2026-08-31,https://sixten.jp/journal/036-anker-nagasaki-velca.html,0,1,22
2026-08-31,https://sixten.jp/journal/037-haruyoshi-yanagigaura.html,0,2,4
2026-08-31,https://sixten.jp/journal/043-payrollcup-4th-wheelchair.html,0,1,5
2026-08-31,https://sixten.jp/journal/049-yoshii-japan-roster.html,0,1,3
2026-08-31,https://sixten.jp/journal/050-hokurikugakuin-komatsuwall.html,0,2,6.5
2026-08-31,https://sixten.jp/journal/051-nakamura-asano-jonescup.html,0,3,6.7
2026-08-31,https://sixten.jp/journal/053-yoneda-u18-tryout.html,0,7,8.9
2026-09-01,https://sixten.jp/journal/036-anker-nagasaki-velca.html,0,2,9
2026-09-01,https://sixten.jp/journal/037-haruyoshi-yanagigaura.html,0,3,6.7
2026-09-01,https://sixten.jp/journal/038-jue-jones-cup-wkbl.html,0,1,7
2026-09-01,https://sixten.jp/journal/040-williams-warriors.html,0,1,1
2026-09-01,https://sixten.jp/journal/042-broncos-akita-preseason.html,0,1,7
2026-09-01,https://sixten.jp/journal/043-payrollcup-4th-wheelchair.html,1,3,3.3
2026-09-01,https://sixten.jp/journal/046-mathurin-pelicans.html,0,1,9
2026-09-01,https://sixten.jp/journal/050-hokurikugakuin-komatsuwall.html,0,2,8
2026-09-01,https://sixten.jp/journal/053-yoneda-u18-tryout.html,0,8,6.6
2026-09-01,https://sixten.jp/journal/056-josh-green-jazz-trade.html,0,1,7
2026-09-01,https://sixten.jp/journal/057-converse-2faced.html,0,7,13
2026-09-01,https://sixten.jp/journal/061-hamada-sakai-ambassador.html,0,1,4
2026-09-01,https://sixten.jp/media/chris-basketball-diary.html,0,1,7
2026-09-02,https://sixten.jp/journal/036-anker-nagasaki-velca.html,0,1,8
2026-09-02,https://sixten.jp/journal/037-haruyoshi-yanagigaura.html,0,1,4
2026-09-02,https://sixten.jp/journal/038-jue-jones-cup-wkbl.html,0,1,21
2026-09-02,https://sixten.jp/journal/043-payrollcup-4th-wheelchair.html,0,1,10
2026-09-02,https://sixten.jp/journal/050-hokurikugakuin-komatsuwall.html,1,1,6
2026-09-02,https://sixten.jp/journal/053-yoneda-u18-tryout.html,0,3,7.7
2026-09-02,https://sixten.jp/journal/057-converse-2faced.html,0,7,10.4
2026-09-02,https://sixten.jp/journal/060-his-bleague-partnership.html,0,1,20
2026-09-02,https://sixten.jp/journal/062-zamst-kawamura-sponsorship.html,0,1,4
2026-09-02,https://sixten.jp/journal/064-unext-bleague-streaming.html,1,3,9
2026-09-03,https://sixten.jp/journal/037-haruyoshi-yanagigaura.html,0,1,5
2026-09-03,https://sixten.jp/journal/039-sharpe-injury.html,0,1,9
2026-09-03,https://sixten.jp/journal/041-niang-warriors.html,0,1,1
2026-09-03,https://sixten.jp/journal/043-payrollcup-4th-wheelchair.html,0,4,6.5
2026-09-03,https://sixten.jp/journal/057-converse-2faced.html,0,11,9.5
2026-09-03,https://sixten.jp/journal/061-hamada-sakai-ambassador.html,1,4,3.5
2026-09-03,https://sixten.jp/journal/062-zamst-kawamura-sponsorship.html,1,1,10
2026-09-03,https://sixten.jp/journal/064-unext-bleague-streaming.html,0,3,9.7
2026-09-03,https://sixten.jp/journal/068-albirex-recruit-strategy-lab.html,0,2,18.5
2026-09-03,https://sixten.jp/journal/069-meitetsu-fe-nagoya-court.html,0,1,4
2026-09-03,https://sixten.jp/journal/074-amen-thompson-rockets-extension.html,0,3,5.7
2026-09-03,https://sixten.jp/journal/075-eneos-sunflowers-fiba-worldcup.html,0,1,10
2026-09-03,https://sixten.jp/media/chris-basketball-diary.html,0,1,30
2026-09-04,https://sixten.jp/,1,1,2
2026-09-04,https://sixten.jp/journal/036-anker-nagasaki-velca.html,0,8,8.5
2026-09-04,https://sixten.jp/journal/037-haruyoshi-yanagigaura.html,0,4,5.5
2026-09-04,https://sixten.jp/journal/042-broncos-akita-preseason.html,0,1,7
2026-09-04,https://sixten.jp/journal/043-payrollcup-4th-wheelchair.html,0,7,8.3
2026-09-04,https://sixten.jp/journal/056-josh-green-jazz-trade.html,0,1,7
2026-09-04,https://sixten.jp/journal/057-converse-2faced.html,1,6,14.3
2026-09-04,https://sixten.jp/journal/061-hamada-sakai-ambassador.html,1,3,5.3
2026-09-04,https://sixten.jp/journal/064-unext-bleague-streaming.html,0,2,25.5
2026-09-04,https://sixten.jp/journal/069-meitetsu-fe-nagoya-court.html,0,2,4
2026-09-04,https://sixten.jp/journal/071-westbrook-project-b.html,0,4,7.8
2026-09-04,https://sixten.jp/journal/073-mills-parker-asvel.html,1,1,4
2026-09-04,https://sixten.jp/journal/074-amen-thompson-rockets-extension.html,0,8,7
2026-09-04,https://sixten.jp/journal/075-eneos-sunflowers-fiba-worldcup.html,0,6,7.8
2026-09-04,https://sixten.jp/media/chris-basketball-diary.html,0,1,5
2026-09-05,https://sixten.jp/,1,3,1.7
2026-09-05,https://sixten.jp/journal/036-anker-nagasaki-velca.html,0,3,9
2026-09-05,https://sixten.jp/journal/043-payrollcup-4th-wheelchair.html,0,3,9.7
2026-09-05,https://sixten.jp/journal/053-yoneda-u18-tryout.html,0,1,9
2026-09-05,https://sixten.jp/journal/057-converse-2faced.html,0,7,8.6
2026-09-05,https://sixten.jp/journal/060-his-bleague-partnership.html,0,3,5.7
2026-09-05,https://sixten.jp/journal/061-hamada-sakai-ambassador.html,0,5,7.6
2026-09-05,https://sixten.jp/journal/062-zamst-kawamura-sponsorship.html,0,2,19
2026-09-05,https://sixten.jp/journal/063-bambitious-basketball-day.html,0,2,23
2026-09-05,https://sixten.jp/journal/064-unext-bleague-streaming.html,0,2,14
2026-09-05,https://sixten.jp/journal/067-tacko-fall-76ers-camp.html,0,1,4
2026-09-05,https://sixten.jp/journal/070-beril-yokohama-excellence.html,0,1,8
2026-09-05,https://sixten.jp/journal/071-westbrook-project-b.html,0,2,7.5
2026-09-05,https://sixten.jp/journal/073-mills-parker-asvel.html,0,1,1
2026-09-05,https://sixten.jp/journal/075-eneos-sunflowers-fiba-worldcup.html,0,1,5
2026-09-05,https://sixten.jp/journal/076-kings-u15-okinawa-qualifier.html,1,2,3.5
2026-09-05,https://sixten.jp/journal/079-engelbert-wnba-retire.html,0,1,8
2026-09-05,https://sixten.jp/journal/index.html?cat=KICKS,1,1,4
2026-09-05,https://sixten.jp/media/chris-basketball-diary.html,1,2,5
2026-09-06,https://sixten.jp/journal/014-oikos-gold-partner.html,0,1,32
2026-09-06,https://sixten.jp/journal/018-bs-summit-second-wave.html,0,1,3
2026-09-06,https://sixten.jp/journal/035-fukuyama-denix-homegame.html,0,6,6.5
2026-09-06,https://sixten.jp/journal/042-broncos-akita-preseason.html,0,1,5
2026-09-06,https://sixten.jp/journal/043-payrollcup-4th-wheelchair.html,0,1,9
2026-09-06,https://sixten.jp/journal/048-fujita-japan-coach.html,0,1,17
2026-09-06,https://sixten.jp/journal/050-hokurikugakuin-komatsuwall.html,1,1,5
2026-09-06,https://sixten.jp/journal/051-nakamura-asano-jonescup.html,0,1,4
2026-09-06,https://sixten.jp/journal/054-crane-thunders-afterschool.html,0,1,89
2026-09-06,https://sixten.jp/journal/055-rimtown-basketball-school.html,0,1,10
2026-09-06,https://sixten.jp/journal/056-josh-green-jazz-trade.html,0,1,9
2026-09-06,https://sixten.jp/journal/057-converse-2faced.html,0,3,11
2026-09-06,https://sixten.jp/journal/060-his-bleague-partnership.html,0,2,21
2026-09-06,https://sixten.jp/journal/061-hamada-sakai-ambassador.html,0,3,8
2026-09-06,https://sixten.jp/journal/064-unext-bleague-streaming.html,0,1,11
2026-09-06,https://sixten.jp/journal/069-meitetsu-fe-nagoya-court.html,0,3,6
2026-09-06,https://sixten.jp/journal/070-beril-yokohama-excellence.html,0,1,5
2026-09-06,https://sixten.jp/journal/071-westbrook-project-b.html,0,1,9
2026-09-06,https://sixten.jp/journal/073-mills-parker-asvel.html,0,2,11
2026-09-06,https://sixten.jp/journal/074-amen-thompson-rockets-extension.html,0,1,7
2026-09-06,https://sixten.jp/journal/075-eneos-sunflowers-fiba-worldcup.html,0,1,8
2026-09-06,https://sixten.jp/journal/076-kings-u15-okinawa-qualifier.html,1,13,7.2
2026-09-06,https://sixten.jp/journal/079-engelbert-wnba-retire.html,0,4,4.5
2026-09-06,https://sixten.jp/journal/082-nba-rivalries-2026-27.html,0,1,11
2026-09-07,https://sixten.jp/journal/,0,1,4
2026-09-07,https://sixten.jp/journal/005-small-guards.html,0,1,8
2026-09-07,https://sixten.jp/journal/006-streetball.html,0,4,9.2
2026-09-07,https://sixten.jp/journal/010-abema-saudi.html,0,2,7
2026-09-07,https://sixten.jp/journal/017-canon-mj-bs2026.html,0,1,10
2026-09-07,https://sixten.jp/journal/020-bandai-namco-arena-matsue.html,0,1,10
2026-09-07,https://sixten.jp/journal/022-hachimura-clippers.html,0,1,5
2026-09-07,https://sixten.jp/journal/032-timberwolves-lynx-stad.html,0,1,6
2026-09-07,https://sixten.jp/journal/035-fukuyama-denix-homegame.html,0,3,7
2026-09-07,https://sixten.jp/journal/038-jue-jones-cup-wkbl.html,0,1,8
2026-09-07,https://sixten.jp/journal/042-broncos-akita-preseason.html,0,1,2
2026-09-07,https://sixten.jp/journal/043-payrollcup-4th-wheelchair.html,0,2,7
2026-09-07,https://sixten.jp/journal/050-hokurikugakuin-komatsuwall.html,0,1,5
2026-09-07,https://sixten.jp/journal/053-yoneda-u18-tryout.html,0,1,7
2026-09-07,https://sixten.jp/journal/055-rimtown-basketball-school.html,0,1,6
2026-09-07,https://sixten.jp/journal/057-converse-2faced.html,1,14,12.4
2026-09-07,https://sixten.jp/journal/060-his-bleague-partnership.html,0,1,11
2026-09-07,https://sixten.jp/journal/061-hamada-sakai-ambassador.html,0,6,6
2026-09-07,https://sixten.jp/journal/062-zamst-kawamura-sponsorship.html,0,1,10
2026-09-07,https://sixten.jp/journal/063-bambitious-basketball-day.html,0,1,8
2026-09-07,https://sixten.jp/journal/064-unext-bleague-streaming.html,0,1,9
2026-09-07,https://sixten.jp/journal/067-tacko-fall-76ers-camp.html,0,1,4
2026-09-07,https://sixten.jp/journal/069-meitetsu-fe-nagoya-court.html,0,4,8
2026-09-07,https://sixten.jp/journal/070-beril-yokohama-excellence.html,0,2,7.5
2026-09-07,https://sixten.jp/journal/071-westbrook-project-b.html,0,2,9
2026-09-07,https://sixten.jp/journal/074-amen-thompson-rockets-extension.html,0,1,14
2026-09-07,https://sixten.jp/journal/076-kings-u15-okinawa-qualifier.html,1,7,9.3
2026-09-07,https://sixten.jp/journal/079-engelbert-wnba-retire.html,0,29,5.2
2026-09-07,https://sixten.jp/journal/087-fc-barcelona-nike-kobe-3-protro.html,0,1,12
2026-09-07,https://sixten.jp/journal/089-bucks-2026-27-season-preview.html,0,1,3
2026-09-07,https://sixten.jp/media/chris-basketball-diary.html,0,3,10.3
2026-09-08,https://sixten.jp/journal/006-streetball.html,0,1,10
2026-09-08,https://sixten.jp/journal/010-abema-saudi.html,0,1,6
2026-09-08,https://sixten.jp/journal/016-kobe-camp-storks.html,0,1,30
2026-09-08,https://sixten.jp/journal/020-bandai-namco-arena-matsue.html,0,3,7
2026-09-08,https://sixten.jp/journal/035-fukuyama-denix-homegame.html,0,5,8.2
2026-09-08,https://sixten.jp/journal/043-payrollcup-4th-wheelchair.html,0,5,9.4
2026-09-08,https://sixten.jp/journal/049-yoshii-japan-roster.html,0,1,1
2026-09-08,https://sixten.jp/journal/053-yoneda-u18-tryout.html,0,1,5
2026-09-08,https://sixten.jp/journal/057-converse-2faced.html,0,3,12.7
2026-09-08,https://sixten.jp/journal/061-hamada-sakai-ambassador.html,0,4,10.5
2026-09-08,https://sixten.jp/journal/062-zamst-kawamura-sponsorship.html,0,1,11
2026-09-08,https://sixten.jp/journal/064-unext-bleague-streaming.html,0,2,3.5
2026-09-08,https://sixten.jp/journal/069-meitetsu-fe-nagoya-court.html,0,2,7
2026-09-08,https://sixten.jp/journal/070-beril-yokohama-excellence.html,0,2,4
2026-09-08,https://sixten.jp/journal/071-westbrook-project-b.html,0,1,10
2026-09-08,https://sixten.jp/journal/073-mills-parker-asvel.html,0,2,5.5
2026-09-08,https://sixten.jp/journal/075-eneos-sunflowers-fiba-worldcup.html,0,4,45.8
2026-09-08,https://sixten.jp/journal/079-engelbert-wnba-retire.html,0,13,5
2026-09-08,https://sixten.jp/journal/082-nba-rivalries-2026-27.html,0,1,9
2026-09-08,https://sixten.jp/journal/087-fc-barcelona-nike-kobe-3-protro.html,0,2,7
2026-09-08,https://sixten.jp/journal/089-bucks-2026-27-season-preview.html,0,13,2.8
2026-09-08,https://sixten.jp/journal/097-76ers-flyers-new-arena.html,1,3,2
2026-09-08,https://sixten.jp/journal/099-pelicans-grizzlies-hawkins-trade.html,2,4,5.8
2026-09-09,https://sixten.jp/journal/001-banned-aj1.html,0,2,8
2026-09-09,https://sixten.jp/journal/002-iverson.html,0,1,6
2026-09-09,https://sixten.jp/journal/005-small-guards.html,0,1,3
2026-09-09,https://sixten.jp/journal/006-streetball.html,0,3,9.7
2026-09-09,https://sixten.jp/journal/010-abema-saudi.html,0,2,2.5
2026-09-09,https://sixten.jp/journal/033-klay-thompson-heat.html,1,2,7.5
2026-09-09,https://sixten.jp/journal/034-derozan-nuggets.html,0,1,26
2026-09-09,https://sixten.jp/journal/035-fukuyama-denix-homegame.html,1,5,7
2026-09-09,https://sixten.jp/journal/043-payrollcup-4th-wheelchair.html,1,1,8
2026-09-09,https://sixten.jp/journal/048-fujita-japan-coach.html,0,1,5
2026-09-09,https://sixten.jp/journal/049-yoshii-japan-roster.html,0,1,8
2026-09-09,https://sixten.jp/journal/053-yoneda-u18-tryout.html,0,4,5.5
2026-09-09,https://sixten.jp/journal/057-converse-2faced.html,0,3,19.3
2026-09-09,https://sixten.jp/journal/062-zamst-kawamura-sponsorship.html,0,1,8
2026-09-09,https://sixten.jp/journal/064-unext-bleague-streaming.html,0,4,31
2026-09-09,https://sixten.jp/journal/069-meitetsu-fe-nagoya-court.html,0,1,3
2026-09-09,https://sixten.jp/journal/073-mills-parker-asvel.html,1,2,5.5
2026-09-09,https://sixten.jp/journal/075-eneos-sunflowers-fiba-worldcup.html,0,2,61
2026-09-09,https://sixten.jp/journal/076-kings-u15-okinawa-qualifier.html,0,4,8.2
2026-09-09,https://sixten.jp/journal/077-ben-simmons-kings.html,0,1,20
2026-09-09,https://sixten.jp/journal/079-engelbert-wnba-retire.html,0,4,7
2026-09-09,https://sixten.jp/journal/089-bucks-2026-27-season-preview.html,0,7,3.3
2026-09-09,https://sixten.jp/journal/094-kuas-kyoto-hannaryz.html,0,3,11.3
2026-09-09,https://sixten.jp/journal/095-bulls-2026-27-season-preview.html,0,3,6
2026-09-09,https://sixten.jp/journal/096-nba-injury-returns-2026-27.html,0,2,15.5
2026-09-09,https://sixten.jp/journal/097-76ers-flyers-new-arena.html,2,5,3.4
2026-09-09,https://sixten.jp/journal/099-pelicans-grizzlies-hawkins-trade.html,0,17,6.7
2026-09-09,https://sixten.jp/journal/104-wizards-nichols-vp-promotion.html,0,2,2
2026-09-09,https://sixten.jp/journal/105-lakers-phil-jackson-statue.html,1,4,6.8
2026-09-09,https://sixten.jp/journal/109-tokyo-z-avantgardey.html,0,2,6
2026-09-09,https://sixten.jp/media/postup.html,0,2,25.5
2026-09-10,https://sixten.jp/,0,2,3.5
2026-09-10,https://sixten.jp/journal/001-banned-aj1.html,0,2,7.5
2026-09-10,https://sixten.jp/journal/006-streetball.html,0,1,9
2026-09-10,https://sixten.jp/journal/020-bandai-namco-arena-matsue.html,0,2,9.5
2026-09-10,https://sixten.jp/journal/035-fukuyama-denix-homegame.html,0,6,8.7
2026-09-10,https://sixten.jp/journal/043-payrollcup-4th-wheelchair.html,1,9,7.1
2026-09-10,https://sixten.jp/journal/047-kuminga-timberwolves.html,0,2,4
2026-09-10,https://sixten.jp/journal/048-fujita-japan-coach.html,0,1,48
2026-09-10,https://sixten.jp/journal/053-yoneda-u18-tryout.html,1,5,6.8
2026-09-10,https://sixten.jp/journal/057-converse-2faced.html,0,5,9
2026-09-10,https://sixten.jp/journal/063-bambitious-basketball-day.html,0,1,8
2026-09-10,https://sixten.jp/journal/069-meitetsu-fe-nagoya-court.html,1,4,5
2026-09-10,https://sixten.jp/journal/070-beril-yokohama-excellence.html,0,1,10
2026-09-10,https://sixten.jp/journal/071-westbrook-project-b.html,0,1,9
2026-09-10,https://sixten.jp/journal/073-mills-parker-asvel.html,0,3,7.7
2026-09-10,https://sixten.jp/journal/074-amen-thompson-rockets-extension.html,0,2,29.5
2026-09-10,https://sixten.jp/journal/076-kings-u15-okinawa-qualifier.html,1,2,6.5
2026-09-10,https://sixten.jp/journal/089-bucks-2026-27-season-preview.html,0,7,4.3
2026-09-10,https://sixten.jp/journal/095-bulls-2026-27-season-preview.html,1,1,6
2026-09-10,https://sixten.jp/journal/096-nba-injury-returns-2026-27.html,1,1,4
2026-09-10,https://sixten.jp/journal/097-76ers-flyers-new-arena.html,0,4,2.5
2026-09-10,https://sixten.jp/journal/099-pelicans-grizzlies-hawkins-trade.html,0,7,6.1
2026-09-10,https://sixten.jp/journal/105-lakers-phil-jackson-statue.html,1,4,10.2
2026-09-10,https://sixten.jp/journal/109-tokyo-z-avantgardey.html,0,1,10
2026-09-10,https://sixten.jp/journal/111-nba-2026-27-tier-preview.html,0,1,7
2026-09-10,https://sixten.jp/media/chris-basketball-diary.html,1,1,2
2026-09-10,https://sixten.jp/media/postup.html,0,1,4
2026-09-11,https://sixten.jp/journal/006-streetball.html,0,3,9.7
2026-09-11,https://sixten.jp/journal/020-bandai-namco-arena-matsue.html,0,3,9
2026-09-11,https://sixten.jp/journal/035-fukuyama-denix-homegame.html,1,19,6.1
2026-09-11,https://sixten.jp/journal/036-anker-nagasaki-velca.html,0,1,10
2026-09-11,https://sixten.jp/journal/043-payrollcup-4th-wheelchair.html,0,1,10
2026-09-11,https://sixten.jp/journal/053-yoneda-u18-tryout.html,0,1,9
2026-09-11,https://sixten.jp/journal/057-converse-2faced.html,0,5,12.6
2026-09-11,https://sixten.jp/journal/070-beril-yokohama-excellence.html,0,1,4
2026-09-11,https://sixten.jp/journal/071-westbrook-project-b.html,0,2,8
2026-09-11,https://sixten.jp/journal/075-eneos-sunflowers-fiba-worldcup.html,0,1,61
2026-09-11,https://sixten.jp/journal/079-engelbert-wnba-retire.html,0,1,6
2026-09-11,https://sixten.jp/journal/089-bucks-2026-27-season-preview.html,0,5,3.4
2026-09-11,https://sixten.jp/journal/090-air-jordan-12-idols-become-rivals.html,0,1,9
2026-09-11,https://sixten.jp/journal/092-revision-utsunomiya-brex.html,0,1,8
2026-09-11,https://sixten.jp/journal/093-lebron-23-white-team-red.html,0,2,5
2026-09-11,https://sixten.jp/journal/094-kuas-kyoto-hannaryz.html,1,1,4
2026-09-11,https://sixten.jp/journal/095-bulls-2026-27-season-preview.html,0,2,3.5
2026-09-11,https://sixten.jp/journal/097-76ers-flyers-new-arena.html,0,1,5
2026-09-11,https://sixten.jp/journal/099-pelicans-grizzlies-hawkins-trade.html,0,5,8.8
2026-09-11,https://sixten.jp/journal/105-lakers-phil-jackson-statue.html,0,2,8.5
2026-09-11,https://sixten.jp/journal/106-air-jordan-7-tennis-day.html,0,1,10
2026-09-11,https://sixten.jp/journal/109-tokyo-z-avantgardey.html,0,3,4
2026-09-11,https://sixten.jp/journal/110-anta-kai-3-alchemist.html,0,1,7
2026-09-11,https://sixten.jp/journal/111-nba-2026-27-tier-preview.html,1,1,3
2026-09-11,https://sixten.jp/journal/112-cavaliers-2026-27-preview.html,0,2,3
2026-09-11,https://sixten.jp/journal/113-lakers-amsler-assistant-gm.html,0,1,4
2026-09-11,https://sixten.jp/journal/114-jordan-tatum-5.html,0,22,9.2
2026-09-11,https://sixten.jp/journal/121-jordan-tatum-5-sunrise.html,2,7,8.1
2026-09-11,https://sixten.jp/journal/124-ibaraki-robots-docomo.html,0,1,18
2026-09-12,https://sixten.jp/,0,1,2
2026-09-12,https://sixten.jp/journal/,0,4,2.5
2026-09-12,https://sixten.jp/journal/001-banned-aj1.html,0,1,10
2026-09-12,https://sixten.jp/journal/006-streetball.html,0,9,11
2026-09-12,https://sixten.jp/journal/013-bs-summit-3players.html,0,1,20
2026-09-12,https://sixten.jp/journal/035-fukuyama-denix-homegame.html,0,34,6.5
2026-09-12,https://sixten.jp/journal/053-yoneda-u18-tryout.html,0,1,1
2026-09-12,https://sixten.jp/journal/057-converse-2faced.html,0,1,19
2026-09-12,https://sixten.jp/journal/063-bambitious-basketball-day.html,0,1,9
2026-09-12,https://sixten.jp/journal/071-westbrook-project-b.html,0,1,8
2026-09-12,https://sixten.jp/journal/073-mills-parker-asvel.html,0,1,28
2026-09-12,https://sixten.jp/journal/075-eneos-sunflowers-fiba-worldcup.html,0,1,4
2026-09-12,https://sixten.jp/journal/076-kings-u15-okinawa-qualifier.html,0,4,8.8
2026-09-12,https://sixten.jp/journal/078-gunma-crane-thunders-slogan.html,0,1,11
2026-09-12,https://sixten.jp/journal/089-bucks-2026-27-season-preview.html,0,2,4
2026-09-12,https://sixten.jp/journal/097-76ers-flyers-new-arena.html,0,1,4
2026-09-12,https://sixten.jp/journal/099-pelicans-grizzlies-hawkins-trade.html,0,3,6.7
2026-09-12,https://sixten.jp/journal/105-lakers-phil-jackson-statue.html,0,1,17
2026-09-12,https://sixten.jp/journal/106-air-jordan-7-tennis-day.html,0,1,9
2026-09-12,https://sixten.jp/journal/107-akaishi-iwbf-wheelchair-worlds.html,0,2,7.5
2026-09-12,https://sixten.jp/journal/109-tokyo-z-avantgardey.html,0,2,7.5
2026-09-12,https://sixten.jp/journal/114-jordan-tatum-5.html,0,2,16
2026-09-12,https://sixten.jp/journal/121-jordan-tatum-5-sunrise.html,0,4,9
2026-09-12,https://sixten.jp/journal/124-ibaraki-robots-docomo.html,0,1,11
2026-09-12,https://sixten.jp/journal/index.html?cat=CULTURE,1,1,3
2026-09-12,https://sixten.jp/media/chris-basketball-diary.html,0,1,7
2026-09-13,https://sixten.jp/,0,1,22
2026-09-13,https://sixten.jp/journal/,0,3,7
2026-09-13,https://sixten.jp/journal/001-banned-aj1.html,0,3,6.3
2026-09-13,https://sixten.jp/journal/006-streetball.html,1,1,21
2026-09-13,https://sixten.jp/journal/033-klay-thompson-heat.html,0,1,52
2026-09-13,https://sixten.jp/journal/035-fukuyama-denix-homegame.html,0,7,7.4
2026-09-13,https://sixten.jp/journal/057-converse-2faced.html,0,9,19
2026-09-13,https://sixten.jp/journal/066-joshu-rydeen-upset-supplier.html,0,1,10
2026-09-13,https://sixten.jp/journal/070-beril-yokohama-excellence.html,1,2,3.5
2026-09-13,https://sixten.jp/journal/076-kings-u15-okinawa-qualifier.html,0,3,9.3
2026-09-13,https://sixten.jp/journal/081-magic-2026-27-season-preview.html,0,1,7
2026-09-13,https://sixten.jp/journal/089-bucks-2026-27-season-preview.html,0,3,4
2026-09-13,https://sixten.jp/journal/090-air-jordan-12-idols-become-rivals.html,0,1,11
2026-09-13,https://sixten.jp/journal/097-76ers-flyers-new-arena.html,1,3,3.3
2026-09-13,https://sixten.jp/journal/099-pelicans-grizzlies-hawkins-trade.html,0,5,8.4
2026-09-13,https://sixten.jp/journal/105-lakers-phil-jackson-statue.html,0,1,10
2026-09-13,https://sixten.jp/journal/109-tokyo-z-avantgardey.html,0,3,8
2026-09-13,https://sixten.jp/journal/110-anta-kai-3-alchemist.html,0,3,4
2026-09-13,https://sixten.jp/journal/114-jordan-tatum-5.html,1,4,14.2
2026-09-13,https://sixten.jp/journal/120-air-jordan-1-high-og-royal.html,0,2,11
2026-09-13,https://sixten.jp/journal/121-jordan-tatum-5-sunrise.html,0,4,8.8
2026-09-13,https://sixten.jp/journal/124-ibaraki-robots-docomo.html,0,7,9.3
2026-09-13,https://sixten.jp/media/chris-basketball-diary.html,0,2,9
2026-09-14,https://sixten.jp/journal/006-streetball.html,0,4,8.2
2026-09-14,https://sixten.jp/journal/020-bandai-namco-arena-matsue.html,0,1,8
2026-09-14,https://sixten.jp/journal/035-fukuyama-denix-homegame.html,0,4,9
2026-09-14,https://sixten.jp/journal/043-payrollcup-4th-wheelchair.html,0,58,8.8
2026-09-14,https://sixten.jp/journal/057-converse-2faced.html,0,2,22.5
2026-09-14,https://sixten.jp/journal/064-unext-bleague-streaming.html,0,2,7.5
2026-09-14,https://sixten.jp/journal/069-meitetsu-fe-nagoya-court.html,0,4,8.5
2026-09-14,https://sixten.jp/journal/070-beril-yokohama-excellence.html,1,1,6
2026-09-14,https://sixten.jp/journal/071-westbrook-project-b.html,0,1,16
2026-09-14,https://sixten.jp/journal/076-kings-u15-okinawa-qualifier.html,0,3,9.7
2026-09-14,https://sixten.jp/journal/079-engelbert-wnba-retire.html,0,4,5
2026-09-14,https://sixten.jp/journal/082-nba-rivalries-2026-27.html,0,1,11
2026-09-14,https://sixten.jp/journal/089-bucks-2026-27-season-preview.html,0,6,3.7
2026-09-14,https://sixten.jp/journal/090-air-jordan-12-idols-become-rivals.html,0,1,11
2026-09-14,https://sixten.jp/journal/096-nba-injury-returns-2026-27.html,0,2,7
2026-09-14,https://sixten.jp/journal/097-76ers-flyers-new-arena.html,0,1,4
2026-09-14,https://sixten.jp/journal/099-pelicans-grizzlies-hawkins-trade.html,0,2,6.5
2026-09-14,https://sixten.jp/journal/107-akaishi-iwbf-wheelchair-worlds.html,0,1,9
2026-09-14,https://sixten.jp/journal/109-tokyo-z-avantgardey.html,0,2,9
2026-09-14,https://sixten.jp/journal/110-anta-kai-3-alchemist.html,0,2,10.5
2026-09-14,https://sixten.jp/journal/111-nba-2026-27-tier-preview.html,0,1,5
2026-09-14,https://sixten.jp/journal/114-jordan-tatum-5.html,0,12,9.6
2026-09-14,https://sixten.jp/journal/115-chiba-sky-wings-festa.html,0,1,17
2026-09-14,https://sixten.jp/journal/120-air-jordan-1-high-og-royal.html,0,1,9
2026-09-14,https://sixten.jp/journal/121-jordan-tatum-5-sunrise.html,0,6,8.8
2026-09-14,https://sixten.jp/journal/124-ibaraki-robots-docomo.html,0,3,8
2026-09-14,https://sixten.jp/media/chris-basketball-diary.html,0,2,11
2026-09-15,https://sixten.jp/,1,1,2
2026-09-15,https://sixten.jp/journal/002-iverson.html,0,2,9
2026-09-15,https://sixten.jp/journal/003-signature-shoes.html,0,2,2
2026-09-15,https://sixten.jp/journal/006-streetball.html,0,9,9.2
2026-09-15,https://sixten.jp/journal/020-bandai-namco-arena-matsue.html,0,1,9
2026-09-15,https://sixten.jp/journal/021-westbrook-retires.html,0,1,10
2026-09-15,https://sixten.jp/journal/043-payrollcup-4th-wheelchair.html,0,13,7.6
2026-09-15,https://sixten.jp/journal/057-converse-2faced.html,0,2,14
2026-09-15,https://sixten.jp/journal/069-meitetsu-fe-nagoya-court.html,0,1,6
2026-09-15,https://sixten.jp/journal/070-beril-yokohama-excellence.html,0,1,4
2026-09-15,https://sixten.jp/journal/073-mills-parker-asvel.html,0,1,8
2026-09-15,https://sixten.jp/journal/076-kings-u15-okinawa-qualifier.html,0,2,8.5
2026-09-15,https://sixten.jp/journal/079-engelbert-wnba-retire.html,0,1,6
2026-09-15,https://sixten.jp/journal/089-bucks-2026-27-season-preview.html,0,2,4.5
2026-09-15,https://sixten.jp/journal/097-76ers-flyers-new-arena.html,0,1,2
2026-09-15,https://sixten.jp/journal/099-pelicans-grizzlies-hawkins-trade.html,0,2,6.5
2026-09-15,https://sixten.jp/journal/109-tokyo-z-avantgardey.html,0,1,7
2026-09-15,https://sixten.jp/journal/114-jordan-tatum-5.html,0,6,14.7
2026-09-15,https://sixten.jp/journal/115-chiba-sky-wings-festa.html,0,1,4
2026-09-15,https://sixten.jp/journal/120-air-jordan-1-high-og-royal.html,0,2,4
2026-09-15,https://sixten.jp/journal/121-jordan-tatum-5-sunrise.html,0,6,10.5
2026-09-15,https://sixten.jp/journal/124-ibaraki-robots-docomo.html,0,1,9
2026-09-15,https://sixten.jp/journal/index.html?cat=CULTURE,0,1,4
2026-09-15,https://sixten.jp/media/chris-basketball-diary.html,0,1,6
2026-09-16,https://sixten.jp/journal/002-iverson.html,0,1,46
2026-09-16,https://sixten.jp/journal/006-streetball.html,0,9,8.3
2026-09-16,https://sixten.jp/journal/007-osakabe-donation.html,0,1,47
2026-09-16,https://sixten.jp/journal/014-oikos-gold-partner.html,0,1,9
2026-09-16,https://sixten.jp/journal/032-timberwolves-lynx-stad.html,0,1,11
2026-09-16,https://sixten.jp/journal/043-payrollcup-4th-wheelchair.html,2,13,8.2
2026-09-16,https://sixten.jp/journal/076-kings-u15-okinawa-qualifier.html,0,2,11
2026-09-16,https://sixten.jp/journal/079-engelbert-wnba-retire.html,0,2,4
2026-09-16,https://sixten.jp/journal/089-bucks-2026-27-season-preview.html,0,2,2
2026-09-16,https://sixten.jp/journal/096-nba-injury-returns-2026-27.html,0,3,8.7
2026-09-16,https://sixten.jp/journal/097-76ers-flyers-new-arena.html,0,7,2.1
2026-09-16,https://sixten.jp/journal/107-akaishi-iwbf-wheelchair-worlds.html,0,1,10
2026-09-16,https://sixten.jp/journal/109-tokyo-z-avantgardey.html,0,1,6
2026-09-16,https://sixten.jp/journal/110-anta-kai-3-alchemist.html,0,1,8
2026-09-16,https://sixten.jp/journal/114-jordan-tatum-5.html,0,1,4
2026-09-16,https://sixten.jp/journal/115-chiba-sky-wings-festa.html,0,1,9
2026-09-16,https://sixten.jp/journal/116-pistons-2026-27-preview.html,0,1,9
2026-09-16,https://sixten.jp/journal/120-air-jordan-1-high-og-royal.html,0,2,14
2026-09-16,https://sixten.jp/journal/121-jordan-tatum-5-sunrise.html,0,9,9.1
2026-09-16,https://sixten.jp/journal/124-ibaraki-robots-docomo.html,0,2,9
2026-09-16,https://sixten.jp/journal/134-adidas-anthony-edwards-3-cold-blooded.html,0,1,6
2026-09-16,https://sixten.jp/journal/160-palsystem-saitama-broncos.html,0,1,6
2026-09-16,https://sixten.jp/journal/163-abema-bleague-premier-opener.html,0,1,9
2026-09-16,https://sixten.jp/journal/166-konchar-knicks-one-year-deal.html,1,1,6
2026-09-16,https://sixten.jp/journal/168-kobe-8-protro-mambacurial.html,1,2,1.5
2026-09-16,https://sixten.jp/media/chris-basketball-diary.html,0,1,11
2026-09-16,https://sixten.jp/media/postup.html,0,2,16.5
2026-09-17,https://sixten.jp/journal/,0,2,10.5
2026-09-17,https://sixten.jp/journal/006-streetball.html,0,6,6.5
2026-09-17,https://sixten.jp/journal/020-bandai-namco-arena-matsue.html,0,2,7.5
2026-09-17,https://sixten.jp/journal/035-fukuyama-denix-homegame.html,0,1,9
2026-09-17,https://sixten.jp/journal/043-payrollcup-4th-wheelchair.html,0,6,6
2026-09-17,https://sixten.jp/journal/054-crane-thunders-afterschool.html,0,1,9
2026-09-17,https://sixten.jp/journal/057-converse-2faced.html,0,4,12.2
2026-09-17,https://sixten.jp/journal/066-joshu-rydeen-upset-supplier.html,0,2,7.5
2026-09-17,https://sixten.jp/journal/073-mills-parker-asvel.html,0,1,6
2026-09-17,https://sixten.jp/journal/074-amen-thompson-rockets-extension.html,0,1,10
2026-09-17,https://sixten.jp/journal/089-bucks-2026-27-season-preview.html,0,1,7
2026-09-17,https://sixten.jp/journal/097-76ers-flyers-new-arena.html,0,2,4
2026-09-17,https://sixten.jp/journal/099-pelicans-grizzlies-hawkins-trade.html,0,1,12
2026-09-17,https://sixten.jp/journal/103-hawks-front-office-reshuffle.html,0,1,4
2026-09-17,https://sixten.jp/journal/109-tokyo-z-avantgardey.html,0,2,9.5
2026-09-17,https://sixten.jp/journal/110-anta-kai-3-alchemist.html,0,1,7
2026-09-17,https://sixten.jp/journal/114-jordan-tatum-5.html,0,1,6
2026-09-17,https://sixten.jp/journal/120-air-jordan-1-high-og-royal.html,0,1,12
2026-09-17,https://sixten.jp/journal/121-jordan-tatum-5-sunrise.html,0,1,5
2026-09-17,https://sixten.jp/journal/124-ibaraki-robots-docomo.html,0,2,9.5
2026-09-17,https://sixten.jp/journal/125-pacers-2026-27-preview.html,1,2,5
2026-09-17,https://sixten.jp/journal/126-adidas-anthony-edwards-3-snow-camo.html,0,1,8
2026-09-17,https://sixten.jp/journal/128-mowalola-air-jordan-14-burnt-red.html,0,2,8.5
2026-09-17,https://sixten.jp/journal/131-air-jordan-4-lemonade-j-balvin.html,0,5,6.8
2026-09-17,https://sixten.jp/journal/133-anthony-edwards-adidas-superstar-ii-bliss-blue.html,0,5,7.4
2026-09-17,https://sixten.jp/journal/134-adidas-anthony-edwards-3-cold-blooded.html,0,2,6.5
2026-09-17,https://sixten.jp/journal/135-air-jordan-1-low-last-dance-at-the-garden.html,0,1,3
2026-09-17,https://sixten.jp/journal/137-beal-clippers-no3-jersey.html,0,2,6
2026-09-17,https://sixten.jp/journal/138-clippers-punishment-explained.html,0,1,10
2026-09-17,https://sixten.jp/journal/139-ua-fox-3.html,0,17,9.5
2026-09-17,https://sixten.jp/journal/143-nba-2026-27-how-to-watch-japan.html,0,2,5.5
2026-09-17,https://sixten.jp/journal/144-bleague-2026-27-how-to-watch.html,0,2,7
2026-09-17,https://sixten.jp/journal/145-jordan-tatum-signature-series.html,0,11,8.8
2026-09-17,https://sixten.jp/journal/146-payroll-cup-wheelchair-basketball.html,1,3,3.7
2026-09-17,https://sixten.jp/journal/148-rucker-park-new-york-guide.html,0,1,9
2026-09-17,https://sixten.jp/journal/151-bleague-premier-guide.html,0,1,7
2026-09-17,https://sixten.jp/journal/152-nba-cup-guide.html,0,2,7
2026-09-17,https://sixten.jp/journal/156-adidas-superstar-cold-blooded.html,0,2,7.5
2026-09-17,https://sixten.jp/journal/160-palsystem-saitama-broncos.html,0,3,6.3
2026-09-17,https://sixten.jp/journal/164-nike-caitlin-1-signature.html,0,1,19
2026-09-17,https://sixten.jp/journal/166-konchar-knicks-one-year-deal.html,1,1,2
2026-09-17,https://sixten.jp/journal/167-number-plus-bleague-guidebook.html,0,9,6.2
2026-09-17,https://sixten.jp/journal/168-kobe-8-protro-mambacurial.html,0,1,2
2026-09-17,https://sixten.jp/journal/169-oneconsist-tubc-partnership.html,0,1,10
2026-09-17,https://sixten.jp/journal/174-kobe-5-protro-what-the-rick.html,0,2,5.5
2026-09-17,https://sixten.jp/journal/175-saga-ballooners-premier-opener.html,0,1,8
2026-09-17,https://sixten.jp/journal/179-kobe-3-protro-black-white.html,0,3,6.7
2026-09-17,https://sixten.jp/journal/kicks/,0,6,7.7
2026-09-17,https://sixten.jp/media/chris-basketball-diary.html,0,1,8
2026-09-18,https://sixten.jp/journal/,0,2,9
2026-09-18,https://sixten.jp/journal/001-banned-aj1.html,0,1,11
2026-09-18,https://sixten.jp/journal/002-iverson.html,0,1,10
2026-09-18,https://sixten.jp/journal/006-streetball.html,0,5,6.8
2026-09-18,https://sixten.jp/journal/043-payrollcup-4th-wheelchair.html,0,1,5
2026-09-18,https://sixten.jp/journal/057-converse-2faced.html,0,2,16.5
2026-09-18,https://sixten.jp/journal/070-beril-yokohama-excellence.html,0,2,6.5
2026-09-18,https://sixten.jp/journal/076-kings-u15-okinawa-qualifier.html,0,1,33
2026-09-18,https://sixten.jp/journal/079-engelbert-wnba-retire.html,0,1,8
2026-09-18,https://sixten.jp/journal/087-fc-barcelona-nike-kobe-3-protro.html,0,1,6
2026-09-18,https://sixten.jp/journal/089-bucks-2026-27-season-preview.html,0,3,4.3
2026-09-18,https://sixten.jp/journal/094-kuas-kyoto-hannaryz.html,0,1,6
2026-09-18,https://sixten.jp/journal/099-pelicans-grizzlies-hawkins-trade.html,0,2,7
2026-09-18,https://sixten.jp/journal/108-kobe-storks-hata-dojo.html,0,1,11
2026-09-18,https://sixten.jp/journal/109-tokyo-z-avantgardey.html,0,1,11
2026-09-18,https://sixten.jp/journal/111-nba-2026-27-tier-preview.html,0,1,2
2026-09-18,https://sixten.jp/journal/113-lakers-amsler-assistant-gm.html,0,2,6
2026-09-18,https://sixten.jp/journal/115-chiba-sky-wings-festa.html,0,1,6
2026-09-18,https://sixten.jp/journal/120-air-jordan-1-high-og-royal.html,0,3,7
2026-09-18,https://sixten.jp/journal/125-pacers-2026-27-preview.html,0,2,6.5
2026-09-18,https://sixten.jp/journal/131-air-jordan-4-lemonade-j-balvin.html,0,2,6
2026-09-18,https://sixten.jp/journal/136-clippers-kawhi-federal-investigation.html,0,2,20.5
2026-09-18,https://sixten.jp/journal/139-ua-fox-3.html,0,3,8
2026-09-18,https://sixten.jp/journal/143-nba-2026-27-how-to-watch-japan.html,1,3,6.7
2026-09-18,https://sixten.jp/journal/144-bleague-2026-27-how-to-watch.html,0,3,7.3
2026-09-18,https://sixten.jp/journal/145-jordan-tatum-signature-series.html,0,34,8.9
2026-09-18,https://sixten.jp/journal/146-payroll-cup-wheelchair-basketball.html,1,7,6.3
2026-09-18,https://sixten.jp/journal/147-patty-mills-profile.html,0,3,5
2026-09-18,https://sixten.jp/journal/148-rucker-park-new-york-guide.html,0,1,11
2026-09-18,https://sixten.jp/journal/151-bleague-premier-guide.html,0,5,7.4
2026-09-18,https://sixten.jp/journal/152-nba-cup-guide.html,0,2,9.5
2026-09-18,https://sixten.jp/journal/155-kobe-3-protro-orca.html,0,1,7
2026-09-18,https://sixten.jp/journal/162-air-jordan-1-low-halloween.html,1,2,3
2026-09-18,https://sixten.jp/journal/165-celtics-offseason-tatum-return.html,0,1,11
2026-09-18,https://sixten.jp/journal/167-number-plus-bleague-guidebook.html,0,2,6
2026-09-18,https://sixten.jp/journal/168-kobe-8-protro-mambacurial.html,0,3,9.7
2026-09-18,https://sixten.jp/journal/170-nets-2026-27-preview.html,0,1,4
2026-09-18,https://sixten.jp/journal/174-kobe-5-protro-what-the-rick.html,0,1,7
2026-09-18,https://sixten.jp/journal/177-reath-suns-signing.html,0,2,9
2026-09-18,https://sixten.jp/journal/179-kobe-3-protro-black-white.html,1,4,5.5
2026-09-18,https://sixten.jp/journal/180-garmin-yokohama-bcorsairs-partnership.html,0,1,8
2026-09-18,https://sixten.jp/journal/185-kawhi-leonard-raptors-extension.html,0,1,4
2026-09-18,https://sixten.jp/journal/186-michael-sweetney-dies.html,3,13,4.4
2026-09-18,https://sixten.jp/journal/187-saddiq-bey-pelicans-extension.html,0,1,4
2026-09-18,https://sixten.jp/journal/japan/,0,7,51.4
2026-09-18,https://sixten.jp/journal/kicks/,0,4,31
2026-09-18,https://sixten.jp/media/chris-basketball-diary.html,0,2,18.5
2026-09-19,https://sixten.jp/journal/001-banned-aj1.html,0,2,7
2026-09-19,https://sixten.jp/journal/006-streetball.html,0,2,7.5
2026-09-19,https://sixten.jp/journal/020-bandai-namco-arena-matsue.html,0,1,10
2026-09-19,https://sixten.jp/journal/043-payrollcup-4th-wheelchair.html,1,4,6.8
2026-09-19,https://sixten.jp/journal/066-joshu-rydeen-upset-supplier.html,0,1,10
2026-09-19,https://sixten.jp/journal/081-magic-2026-27-season-preview.html,0,1,7
2026-09-19,https://sixten.jp/journal/099-pelicans-grizzlies-hawkins-trade.html,0,2,7.5
2026-09-19,https://sixten.jp/journal/109-tokyo-z-avantgardey.html,0,2,6
2026-09-19,https://sixten.jp/journal/128-mowalola-air-jordan-14-burnt-red.html,0,3,11
2026-09-19,https://sixten.jp/journal/134-adidas-anthony-edwards-3-cold-blooded.html,0,1,10
2026-09-19,https://sixten.jp/journal/135-air-jordan-1-low-last-dance-at-the-garden.html,0,1,12
2026-09-19,https://sixten.jp/journal/136-clippers-kawhi-federal-investigation.html,0,1,10
2026-09-19,https://sixten.jp/journal/143-nba-2026-27-how-to-watch-japan.html,2,8,5.6
2026-09-19,https://sixten.jp/journal/144-bleague-2026-27-how-to-watch.html,0,4,7.5
2026-09-19,https://sixten.jp/journal/145-jordan-tatum-signature-series.html,0,4,13
2026-09-19,https://sixten.jp/journal/146-payroll-cup-wheelchair-basketball.html,0,1,5
2026-09-19,https://sixten.jp/journal/147-patty-mills-profile.html,0,4,6
2026-09-19,https://sixten.jp/journal/151-bleague-premier-guide.html,0,13,8.4
2026-09-19,https://sixten.jp/journal/152-nba-cup-guide.html,0,6,14.7
2026-09-19,https://sixten.jp/journal/157-kawhi-leonard-trade-done-deal.html,0,1,48
2026-09-19,https://sixten.jp/journal/159-sakura-funabashi-yunnan-3x3.html,0,2,6
2026-09-19,https://sixten.jp/journal/164-nike-caitlin-1-signature.html,0,1,8
2026-09-19,https://sixten.jp/journal/167-number-plus-bleague-guidebook.html,0,3,8
2026-09-19,https://sixten.jp/journal/168-kobe-8-protro-mambacurial.html,0,1,2
2026-09-19,https://sixten.jp/journal/174-kobe-5-protro-what-the-rick.html,0,2,8.5
2026-09-19,https://sixten.jp/journal/177-reath-suns-signing.html,0,1,11
2026-09-19,https://sixten.jp/journal/178-kuksiks-latvia-3x3-europe-cup.html,0,2,8
2026-09-19,https://sixten.jp/journal/179-kobe-3-protro-black-white.html,0,1,7
2026-09-19,https://sixten.jp/journal/180-garmin-yokohama-bcorsairs-partnership.html,0,2,6
2026-09-19,https://sixten.jp/journal/183-raptors-2026-27-season-preview.html,0,1,11
2026-09-19,https://sixten.jp/journal/184-japan-women-hkg-asian-games.html,0,9,9.2
2026-09-19,https://sixten.jp/journal/186-michael-sweetney-dies.html,0,20,8.5
2026-09-19,https://sixten.jp/journal/188-onecareer-alvark-partnership.html,0,1,5
2026-09-19,https://sixten.jp/journal/190-suncall-hannaryz-partnership.html,0,1,6
2026-09-19,https://sixten.jp/journal/192-jrwest-hokuriku-derby-campaign.html,0,3,5.7
2026-09-19,https://sixten.jp/journal/193-eigo-de-basuke-ota.html,0,3,4
2026-09-19,https://sixten.jp/journal/199-jazz-keyonte-george-extension.html,0,3,7
2026-09-19,https://sixten.jp/journal/200-japan-china-asian-games-sf.html,0,3,11
2026-09-19,https://sixten.jp/journal/202-pelle-larson-heat-extension.html,0,5,6.2
2026-09-19,https://sixten.jp/journal/203-ausar-thompson-pistons-extension.html,0,1,9
2026-09-19,https://sixten.jp/journal/japan/,0,3,59.7
2026-09-19,https://sixten.jp/journal/kicks/,0,3,7.3
2026-09-20,https://sixten.jp/,0,1,9
2026-09-20,https://sixten.jp/journal/001-banned-aj1.html,0,2,8.5
2026-09-20,https://sixten.jp/journal/006-streetball.html,1,5,6.4
2026-09-20,https://sixten.jp/journal/043-payrollcup-4th-wheelchair.html,0,6,7.8
2026-09-20,https://sixten.jp/journal/071-westbrook-project-b.html,0,1,3
2026-09-20,https://sixten.jp/journal/085-nike-sabrina-4-the-switch.html,0,1,5
2026-09-20,https://sixten.jp/journal/089-bucks-2026-27-season-preview.html,0,2,4
2026-09-20,https://sixten.jp/journal/090-air-jordan-12-idols-become-rivals.html,0,1,12
2026-09-20,https://sixten.jp/journal/108-kobe-storks-hata-dojo.html,0,1,17
2026-09-20,https://sixten.jp/journal/109-tokyo-z-avantgardey.html,0,2,9.5
2026-09-20,https://sixten.jp/journal/115-chiba-sky-wings-festa.html,0,2,3
2026-09-20,https://sixten.jp/journal/133-anthony-edwards-adidas-superstar-ii-bliss-blue.html,0,1,10
2026-09-20,https://sixten.jp/journal/134-adidas-anthony-edwards-3-cold-blooded.html,0,1,10
2026-09-20,https://sixten.jp/journal/136-clippers-kawhi-federal-investigation.html,0,1,4
2026-09-20,https://sixten.jp/journal/137-beal-clippers-no3-jersey.html,0,1,6
2026-09-20,https://sixten.jp/journal/139-ua-fox-3.html,0,2,9
2026-09-20,https://sixten.jp/journal/141-japan-korea-asian-games.html,0,6,8.3
2026-09-20,https://sixten.jp/journal/143-nba-2026-27-how-to-watch-japan.html,3,32,7.1
2026-09-20,https://sixten.jp/journal/145-jordan-tatum-signature-series.html,0,13,9.8
2026-09-20,https://sixten.jp/journal/146-payroll-cup-wheelchair-basketball.html,1,6,6
2026-09-20,https://sixten.jp/journal/147-patty-mills-profile.html,0,6,6.8
2026-09-20,https://sixten.jp/journal/148-rucker-park-new-york-guide.html,0,1,7
2026-09-20,https://sixten.jp/journal/151-bleague-premier-guide.html,1,34,10.4
2026-09-20,https://sixten.jp/journal/152-nba-cup-guide.html,0,7,7.1
2026-09-20,https://sixten.jp/journal/158-taj-gibson-retires-bulls-coach.html,0,2,6
2026-09-20,https://sixten.jp/journal/162-air-jordan-1-low-halloween.html,0,1,4
2026-09-20,https://sixten.jp/journal/167-number-plus-bleague-guidebook.html,0,1,5
2026-09-20,https://sixten.jp/journal/168-kobe-8-protro-mambacurial.html,0,4,8
2026-09-20,https://sixten.jp/journal/169-oneconsist-tubc-partnership.html,0,1,12
2026-09-20,https://sixten.jp/journal/170-nets-2026-27-preview.html,1,1,2
2026-09-20,https://sixten.jp/journal/175-saga-ballooners-premier-opener.html,0,2,7
2026-09-20,https://sixten.jp/journal/178-kuksiks-latvia-3x3-europe-cup.html,0,1,4
2026-09-20,https://sixten.jp/journal/179-kobe-3-protro-black-white.html,1,7,5.6
2026-09-20,https://sixten.jp/journal/180-garmin-yokohama-bcorsairs-partnership.html,0,1,7
2026-09-20,https://sixten.jp/journal/184-japan-women-hkg-asian-games.html,0,2,51
2026-09-20,https://sixten.jp/journal/186-michael-sweetney-dies.html,0,4,9
2026-09-20,https://sixten.jp/journal/188-onecareer-alvark-partnership.html,0,3,6.3
2026-09-20,https://sixten.jp/journal/189-tokyomx-alvark-broadcast.html,0,1,8
2026-09-20,https://sixten.jp/journal/190-suncall-hannaryz-partnership.html,0,1,10
2026-09-20,https://sixten.jp/journal/192-jrwest-hokuriku-derby-campaign.html,0,1,8
2026-09-20,https://sixten.jp/journal/193-eigo-de-basuke-ota.html,0,6,5.7
2026-09-20,https://sixten.jp/journal/194-knicks-2026-27-season-preview.html,0,1,6
2026-09-20,https://sixten.jp/journal/195-yachiyo-flags-parachallenge-3x3.html,1,4,9.8
2026-09-20,https://sixten.jp/journal/196-cavaliers-brandon-weems-gm.html,0,1,6
2026-09-20,https://sixten.jp/journal/198-golden-kings-alvark-10years.html,0,1,9
2026-09-20,https://sixten.jp/journal/199-jazz-keyonte-george-extension.html,0,2,9
2026-09-20,https://sixten.jp/journal/200-japan-china-asian-games-sf.html,0,36,7.9
2026-09-20,https://sixten.jp/journal/201-cam-whitmore-nuggets-two-way.html,0,1,7
2026-09-20,https://sixten.jp/journal/202-pelle-larson-heat-extension.html,0,5,7.2
2026-09-20,https://sixten.jp/journal/index.html?cat=KICKS,1,1,2
2026-09-21,https://sixten.jp/,0,2,3.5
2026-09-21,https://sixten.jp/journal/001-banned-aj1.html,0,2,8
2026-09-21,https://sixten.jp/journal/006-streetball.html,0,2,8
2026-09-21,https://sixten.jp/journal/020-bandai-namco-arena-matsue.html,0,3,11.3
2026-09-21,https://sixten.jp/journal/022-hachimura-clippers.html,0,1,9
2026-09-21,https://sixten.jp/journal/033-klay-thompson-heat.html,0,1,11
2026-09-21,https://sixten.jp/journal/043-payrollcup-4th-wheelchair.html,1,4,6.8
2026-09-21,https://sixten.jp/journal/059-streetball-courtmap.html,0,1,9
2026-09-21,https://sixten.jp/journal/064-unext-bleague-streaming.html,0,3,10
2026-09-21,https://sixten.jp/journal/085-nike-sabrina-4-the-switch.html,1,2,4
2026-09-21,https://sixten.jp/journal/089-bucks-2026-27-season-preview.html,0,1,4
2026-09-21,https://sixten.jp/journal/104-wizards-nichols-vp-promotion.html,0,1,5
2026-09-21,https://sixten.jp/journal/105-lakers-phil-jackson-statue.html,0,1,2
2026-09-21,https://sixten.jp/journal/109-tokyo-z-avantgardey.html,0,5,6.8
2026-09-21,https://sixten.jp/journal/125-pacers-2026-27-preview.html,0,1,10
2026-09-21,https://sixten.jp/journal/134-adidas-anthony-edwards-3-cold-blooded.html,0,1,2
2026-09-21,https://sixten.jp/journal/135-air-jordan-1-low-last-dance-at-the-garden.html,0,6,16.3
2026-09-21,https://sixten.jp/journal/137-beal-clippers-no3-jersey.html,0,1,5
2026-09-21,https://sixten.jp/journal/139-ua-fox-3.html,0,1,9
2026-09-21,https://sixten.jp/journal/143-nba-2026-27-how-to-watch-japan.html,2,22,7.0
2026-09-21,https://sixten.jp/journal/145-jordan-tatum-signature-series.html,0,5,11.6
2026-09-21,https://sixten.jp/journal/147-patty-mills-profile.html,0,1,5
2026-09-21,https://sixten.jp/journal/148-rucker-park-new-york-guide.html,0,1,33
2026-09-21,https://sixten.jp/journal/151-bleague-premier-guide.html,0,15,7.2
2026-09-21,https://sixten.jp/journal/152-nba-cup-guide.html,0,11,7.6
2026-09-21,https://sixten.jp/journal/155-kobe-3-protro-orca.html,0,1,8
2026-09-21,https://sixten.jp/journal/157-kawhi-leonard-trade-done-deal.html,0,1,8
2026-09-21,https://sixten.jp/journal/162-air-jordan-1-low-halloween.html,0,1,11
2026-09-21,https://sixten.jp/journal/164-nike-caitlin-1-signature.html,0,1,10
2026-09-21,https://sixten.jp/journal/166-konchar-knicks-one-year-deal.html,1,1,4
2026-09-21,https://sixten.jp/journal/168-kobe-8-protro-mambacurial.html,0,4,9.5
2026-09-21,https://sixten.jp/journal/176-kobe-3-low-mismatch.html,0,1,10
2026-09-21,https://sixten.jp/journal/179-kobe-3-protro-black-white.html,0,2,5.5
2026-09-21,https://sixten.jp/journal/182-resona-bleague-2026-27-keyvisual.html,0,2,7
2026-09-21,https://sixten.jp/journal/184-japan-women-hkg-asian-games.html,0,11,7.7
2026-09-21,https://sixten.jp/journal/186-michael-sweetney-dies.html,0,2,9
2026-09-21,https://sixten.jp/journal/188-onecareer-alvark-partnership.html,2,3,2
2026-09-21,https://sixten.jp/journal/189-tokyomx-alvark-broadcast.html,0,2,6.5
2026-09-21,https://sixten.jp/journal/193-eigo-de-basuke-ota.html,0,8,6
2026-09-21,https://sixten.jp/journal/195-yachiyo-flags-parachallenge-3x3.html,0,1,17
2026-09-21,https://sixten.jp/journal/198-golden-kings-alvark-10years.html,0,4,8
2026-09-21,https://sixten.jp/journal/199-jazz-keyonte-george-extension.html,0,1,10
2026-09-21,https://sixten.jp/journal/200-japan-china-asian-games-sf.html,0,1,9
2026-09-21,https://sixten.jp/journal/202-pelle-larson-heat-extension.html,0,10,6.9
2026-09-21,https://sixten.jp/journal/203-ausar-thompson-pistons-extension.html,0,1,8
2026-09-21,https://sixten.jp/journal/206-japan-women-kazakhstan-asian-games.html,0,1,27
2026-09-21,https://sixten.jp/journal/207-japan-korea-asian-games-final.html,0,1,7
2026-09-21,https://sixten.jp/journal/208-nike-kobe-8-protro-shanghai-fireworks.html,1,3,8
2026-09-21,https://sixten.jp/journal/209-nike-air-force-1-low-nyc-rat.html,0,1,4
2026-09-21,https://sixten.jp/journal/214-nike-ja-4-phantom.html,0,1,2
2026-09-21,https://sixten.jp/media/chris-basketball-diary.html,0,5,9.4
2026-09-22,https://sixten.jp/journal/001-banned-aj1.html,0,2,8
2026-09-22,https://sixten.jp/journal/020-bandai-namco-arena-matsue.html,0,1,11
2026-09-22,https://sixten.jp/journal/047-kuminga-timberwolves.html,0,1,25
2026-09-22,https://sixten.jp/journal/053-yoneda-u18-tryout.html,0,1,8
2026-09-22,https://sixten.jp/journal/088-nike-air-force-1-gore-tex-baroque-brown.html,0,1,6
2026-09-22,https://sixten.jp/journal/105-lakers-phil-jackson-statue.html,0,1,5
2026-09-22,https://sixten.jp/journal/109-tokyo-z-avantgardey.html,0,2,9
2026-09-22,https://sixten.jp/journal/128-mowalola-air-jordan-14-burnt-red.html,0,1,56
2026-09-22,https://sixten.jp/journal/135-air-jordan-1-low-last-dance-at-the-garden.html,0,2,11.5
2026-09-22,https://sixten.jp/journal/143-nba-2026-27-how-to-watch-japan.html,1,11,9
2026-09-22,https://sixten.jp/journal/145-jordan-tatum-signature-series.html,2,17,10.2
2026-09-22,https://sixten.jp/journal/147-patty-mills-profile.html,0,4,7.8
2026-09-22,https://sixten.jp/journal/148-rucker-park-new-york-guide.html,0,2,9.5
2026-09-22,https://sixten.jp/journal/150-bleague-asobisystem-kawaiilab.html,0,1,10
2026-09-22,https://sixten.jp/journal/151-bleague-premier-guide.html,0,1,7
2026-09-22,https://sixten.jp/journal/152-nba-cup-guide.html,0,11,8.1
2026-09-22,https://sixten.jp/journal/155-kobe-3-protro-orca.html,0,1,7
2026-09-22,https://sixten.jp/journal/156-adidas-superstar-cold-blooded.html,0,1,7
2026-09-22,https://sixten.jp/journal/159-sakura-funabashi-yunnan-3x3.html,0,3,5
2026-09-22,https://sixten.jp/journal/164-nike-caitlin-1-signature.html,0,4,8.2
2026-09-22,https://sixten.jp/journal/168-kobe-8-protro-mambacurial.html,0,4,10.5
2026-09-22,https://sixten.jp/journal/174-kobe-5-protro-what-the-rick.html,0,1,6
2026-09-22,https://sixten.jp/journal/179-kobe-3-protro-black-white.html,0,5,5.6
2026-09-22,https://sixten.jp/journal/180-garmin-yokohama-bcorsairs-partnership.html,1,6,7
2026-09-22,https://sixten.jp/journal/182-resona-bleague-2026-27-keyvisual.html,0,1,4
2026-09-22,https://sixten.jp/journal/184-japan-women-hkg-asian-games.html,0,2,8
2026-09-22,https://sixten.jp/journal/185-kawhi-leonard-raptors-extension.html,0,1,8
2026-09-22,https://sixten.jp/journal/188-onecareer-alvark-partnership.html,0,5,4.8
2026-09-22,https://sixten.jp/journal/189-tokyomx-alvark-broadcast.html,0,3,4.7
2026-09-22,https://sixten.jp/journal/192-jrwest-hokuriku-derby-campaign.html,0,5,5.6
2026-09-22,https://sixten.jp/journal/193-eigo-de-basuke-ota.html,0,5,9
2026-09-22,https://sixten.jp/journal/194-knicks-2026-27-season-preview.html,0,1,9
2026-09-22,https://sixten.jp/journal/198-golden-kings-alvark-10years.html,0,7,15.4
2026-09-22,https://sixten.jp/journal/199-jazz-keyonte-george-extension.html,0,1,1
2026-09-22,https://sixten.jp/journal/202-pelle-larson-heat-extension.html,0,3,7.3
2026-09-22,https://sixten.jp/journal/204-psg-nike-kd6-metallic-silver.html,0,1,4
2026-09-22,https://sixten.jp/journal/206-japan-women-kazakhstan-asian-games.html,0,1,8
2026-09-22,https://sixten.jp/journal/207-japan-korea-asian-games-final.html,0,3,8
2026-09-22,https://sixten.jp/journal/208-nike-kobe-8-protro-shanghai-fireworks.html,0,3,3.7
2026-09-22,https://sixten.jp/journal/209-nike-air-force-1-low-nyc-rat.html,0,2,3.5
2026-09-22,https://sixten.jp/journal/212-nicolas-batum-retires.html,0,5,9.6
2026-09-22,https://sixten.jp/journal/214-nike-ja-4-phantom.html,4,21,4.6
2026-09-22,https://sixten.jp/journal/219-japan-women-philippines-asian-games.html,0,1,10
2026-09-22,https://sixten.jp/journal/220-espn-nba-rank-2026.html,0,3,8.3
2026-09-22,https://sixten.jp/journal/224-hawks-buddy-hield-hornets-trade.html,0,3,3.3
2026-09-22,https://sixten.jp/journal/225-rockets-vanvleet-return-preview.html,1,1,12
2026-09-22,https://sixten.jp/media/chris-basketball-diary.html,0,7,9.6
2026-09-23,https://sixten.jp/journal/001-banned-aj1.html,0,2,8.5
2026-09-23,https://sixten.jp/journal/014-oikos-gold-partner.html,0,2,8
2026-09-23,https://sixten.jp/journal/036-anker-nagasaki-velca.html,0,2,10.5
2026-09-23,https://sixten.jp/journal/037-haruyoshi-yanagigaura.html,0,1,5
2026-09-23,https://sixten.jp/journal/043-payrollcup-4th-wheelchair.html,0,1,3
2026-09-23,https://sixten.jp/journal/047-kuminga-timberwolves.html,0,1,1
2026-09-23,https://sixten.jp/journal/059-streetball-courtmap.html,0,1,7
2026-09-23,https://sixten.jp/journal/074-amen-thompson-rockets-extension.html,0,1,4
2026-09-23,https://sixten.jp/journal/078-gunma-crane-thunders-slogan.html,0,1,5
2026-09-23,https://sixten.jp/journal/081-magic-2026-27-season-preview.html,0,1,5
2026-09-23,https://sixten.jp/journal/101-nike-book-2-halloween.html,0,2,8
2026-09-23,https://sixten.jp/journal/108-kobe-storks-hata-dojo.html,0,12,10
2026-09-23,https://sixten.jp/journal/109-tokyo-z-avantgardey.html,1,2,6
2026-09-23,https://sixten.jp/journal/117-yokohama-excellence-basketball-donation.html,0,1,8
2026-09-23,https://sixten.jp/journal/121-jordan-tatum-5-sunrise.html,0,1,9
2026-09-23,https://sixten.jp/journal/135-air-jordan-1-low-last-dance-at-the-garden.html,0,12,10.7
2026-09-23,https://sixten.jp/journal/139-ua-fox-3.html,0,2,8
2026-09-23,https://sixten.jp/journal/144-bleague-2026-27-how-to-watch.html,0,1,8
2026-09-23,https://sixten.jp/journal/145-jordan-tatum-signature-series.html,0,17,9.4
2026-09-23,https://sixten.jp/journal/146-payroll-cup-wheelchair-basketball.html,0,1,2
2026-09-23,https://sixten.jp/journal/147-patty-mills-profile.html,0,7,10.1
2026-09-23,https://sixten.jp/journal/148-rucker-park-new-york-guide.html,0,1,5
2026-09-23,https://sixten.jp/journal/152-nba-cup-guide.html,0,40,8.2
2026-09-23,https://sixten.jp/journal/155-kobe-3-protro-orca.html,0,6,9
2026-09-23,https://sixten.jp/journal/164-nike-caitlin-1-signature.html,0,8,8.4
2026-09-23,https://sixten.jp/journal/166-konchar-knicks-one-year-deal.html,0,2,6.5
2026-09-23,https://sixten.jp/journal/168-kobe-8-protro-mambacurial.html,0,2,9
2026-09-23,https://sixten.jp/journal/171-nba-future-power-rankings-2026-27.html,0,1,8
2026-09-23,https://sixten.jp/journal/174-kobe-5-protro-what-the-rick.html,0,1,2
2026-09-23,https://sixten.jp/journal/179-kobe-3-protro-black-white.html,0,3,9.3
2026-09-23,https://sixten.jp/journal/182-resona-bleague-2026-27-keyvisual.html,0,1,6
2026-09-23,https://sixten.jp/journal/186-michael-sweetney-dies.html,0,3,9.3
2026-09-23,https://sixten.jp/journal/188-onecareer-alvark-partnership.html,0,4,3.5
2026-09-23,https://sixten.jp/journal/189-tokyomx-alvark-broadcast.html,0,1,8
2026-09-23,https://sixten.jp/journal/192-jrwest-hokuriku-derby-campaign.html,0,1,9
2026-09-23,https://sixten.jp/journal/193-eigo-de-basuke-ota.html,0,1,10
2026-09-23,https://sixten.jp/journal/194-knicks-2026-27-season-preview.html,0,1,2
2026-09-23,https://sixten.jp/journal/198-golden-kings-alvark-10years.html,0,1,11
2026-09-23,https://sixten.jp/journal/199-jazz-keyonte-george-extension.html,0,1,6
2026-09-23,https://sixten.jp/journal/202-pelle-larson-heat-extension.html,0,8,7.1
2026-09-23,https://sixten.jp/journal/203-ausar-thompson-pistons-extension.html,0,1,5
2026-09-23,https://sixten.jp/journal/208-nike-kobe-8-protro-shanghai-fireworks.html,0,2,6.5
2026-09-23,https://sixten.jp/journal/211-clippers-interim-governor-ceo.html,0,1,6
2026-09-23,https://sixten.jp/journal/212-nicolas-batum-retires.html,0,1,12
2026-09-23,https://sixten.jp/journal/214-nike-ja-4-phantom.html,2,24,4.8
2026-09-23,https://sixten.jp/journal/219-japan-women-philippines-asian-games.html,0,4,9.8
2026-09-23,https://sixten.jp/journal/220-espn-nba-rank-2026.html,2,9,5.7
2026-09-23,https://sixten.jp/journal/222-nike-lebron-witness-10.html,2,3,2.7
2026-09-23,https://sixten.jp/journal/223-kawhi-leonard-raptors-extension-signed.html?utm_source=threads,0,2,4
2026-09-23,https://sixten.jp/journal/224-hawks-buddy-hield-hornets-trade.html,0,5,9.6
2026-09-23,https://sixten.jp/journal/226-clippers-redden-interim-president.html,0,4,4.8
2026-09-23,https://sixten.jp/journal/227-nba-rank-2026-50-11.html,0,1,9
2026-09-23,https://sixten.jp/media/chris-basketball-diary.html,0,11,8.5
2026-09-23,https://sixten.jp/media/postup.html,0,1,26
2026-09-24,https://sixten.jp/journal/001-banned-aj1.html,0,3,6.7
2026-09-24,https://sixten.jp/journal/003-signature-shoes.html,0,1,9
2026-09-24,https://sixten.jp/journal/023-watford-pelicans.html,0,1,11
2026-09-24,https://sixten.jp/journal/043-payrollcup-4th-wheelchair.html,0,1,3
2026-09-24,https://sixten.jp/journal/066-joshu-rydeen-upset-supplier.html,0,1,8
2026-09-24,https://sixten.jp/journal/078-gunma-crane-thunders-slogan.html,0,1,5
2026-09-24,https://sixten.jp/journal/081-magic-2026-27-season-preview.html,0,1,2
2026-09-24,https://sixten.jp/journal/090-air-jordan-12-idols-become-rivals.html,0,4,7.5
2026-09-24,https://sixten.jp/journal/101-nike-book-2-halloween.html,0,3,6.3
2026-09-24,https://sixten.jp/journal/107-akaishi-iwbf-wheelchair-worlds.html,0,2,2
2026-09-24,https://sixten.jp/journal/108-kobe-storks-hata-dojo.html,0,1,4
2026-09-24,https://sixten.jp/journal/109-tokyo-z-avantgardey.html,0,1,10
2026-09-24,https://sixten.jp/journal/110-anta-kai-3-alchemist.html,0,1,4
2026-09-24,https://sixten.jp/journal/114-jordan-tatum-5.html,0,1,8
2026-09-24,https://sixten.jp/journal/117-yokohama-excellence-basketball-donation.html,0,2,10
2026-09-24,https://sixten.jp/journal/129-nba-nike-specter-uniforms.html,0,2,2
2026-09-24,https://sixten.jp/journal/133-anthony-edwards-adidas-superstar-ii-bliss-blue.html,0,2,7
2026-09-24,https://sixten.jp/journal/135-air-jordan-1-low-last-dance-at-the-garden.html,0,11,11.1
2026-09-24,https://sixten.jp/journal/139-ua-fox-3.html,0,1,8
2026-09-24,https://sixten.jp/journal/144-bleague-2026-27-how-to-watch.html,0,1,9
2026-09-24,https://sixten.jp/journal/145-jordan-tatum-signature-series.html,0,6,7
2026-09-24,https://sixten.jp/journal/147-patty-mills-profile.html,0,5,2.8
2026-09-24,https://sixten.jp/journal/148-rucker-park-new-york-guide.html,0,1,4
2026-09-24,https://sixten.jp/journal/151-bleague-premier-guide.html,0,4,5.2
2026-09-24,https://sixten.jp/journal/152-nba-cup-guide.html,0,7,7.4
2026-09-24,https://sixten.jp/journal/155-kobe-3-protro-orca.html,0,2,8.5
2026-09-24,https://sixten.jp/journal/159-sakura-funabashi-yunnan-3x3.html,0,3,8.7
2026-09-24,https://sixten.jp/journal/164-nike-caitlin-1-signature.html,0,15,7.6
2026-09-24,https://sixten.jp/journal/168-kobe-8-protro-mambacurial.html,0,2,4.5
2026-09-24,https://sixten.jp/journal/179-kobe-3-protro-black-white.html,0,5,6.8
2026-09-24,https://sixten.jp/journal/180-garmin-yokohama-bcorsairs-partnership.html,0,4,6.5
2026-09-24,https://sixten.jp/journal/184-japan-women-hkg-asian-games.html,0,1,10
2026-09-24,https://sixten.jp/journal/188-onecareer-alvark-partnership.html,0,1,5
2026-09-24,https://sixten.jp/journal/194-knicks-2026-27-season-preview.html,1,1,3
2026-09-24,https://sixten.jp/journal/198-golden-kings-alvark-10years.html,0,1,10
2026-09-24,https://sixten.jp/journal/201-cam-whitmore-nuggets-two-way.html,0,1,34
2026-09-24,https://sixten.jp/journal/202-pelle-larson-heat-extension.html,0,2,9
2026-09-24,https://sixten.jp/journal/208-nike-kobe-8-protro-shanghai-fireworks.html,0,4,6
2026-09-24,https://sixten.jp/journal/209-nike-air-force-1-low-nyc-rat.html,0,2,4.5
2026-09-24,https://sixten.jp/journal/214-nike-ja-4-phantom.html,3,27,5.5
2026-09-24,https://sixten.jp/journal/219-japan-women-philippines-asian-games.html,0,3,7
2026-09-24,https://sixten.jp/journal/220-espn-nba-rank-2026.html,0,4,9.2
2026-09-24,https://sixten.jp/journal/222-nike-lebron-witness-10.html,3,10,4.4
2026-09-24,https://sixten.jp/journal/223-kawhi-leonard-raptors-extension-signed.html?utm_source=threads,0,1,8
2026-09-24,https://sixten.jp/journal/224-hawks-buddy-hield-hornets-trade.html,0,2,8.5
2026-09-24,https://sixten.jp/journal/227-nba-rank-2026-50-11.html,0,2,9
2026-09-24,https://sixten.jp/journal/230-curry-contract-no-drama.html,0,4,6.8
2026-09-24,https://sixten.jp/journal/232-knicks-towns-extension-stalled.html,0,1,2
2026-09-24,https://sixten.jp/journal/237-lawrence-tanter-lakers-pa-dies.html,1,2,1
2026-09-24,https://sixten.jp/journal/240-japan-women-thailand-asian-games-qf.html,0,4,7.5
2026-09-24,https://sixten.jp/journal/246-bob-pettit-dies.html,0,11,8.4
2026-09-24,https://sixten.jp/journal/japan/,0,1,3
2026-09-24,https://sixten.jp/journal/kicks/,0,1,7
2026-09-24,https://sixten.jp/media/chris-basketball-diary.html,0,6,8.7
2026-09-25,https://sixten.jp/,3,3,1
2026-09-25,https://sixten.jp/journal/,0,1,6
2026-09-25,https://sixten.jp/journal/001-banned-aj1.html,0,1,7
2026-09-25,https://sixten.jp/journal/029-agest-tubc-partner.html,0,1,1
2026-09-25,https://sixten.jp/journal/036-anker-nagasaki-velca.html,0,1,11
2026-09-25,https://sixten.jp/journal/037-haruyoshi-yanagigaura.html,1,1,4
2026-09-25,https://sixten.jp/journal/043-payrollcup-4th-wheelchair.html,2,9,4.6
2026-09-25,https://sixten.jp/journal/063-bambitious-basketball-day.html,0,1,9
2026-09-25,https://sixten.jp/journal/074-amen-thompson-rockets-extension.html,0,1,11
2026-09-25,https://sixten.jp/journal/090-air-jordan-12-idols-become-rivals.html,0,1,6
2026-09-25,https://sixten.jp/journal/101-nike-book-2-halloween.html,0,5,3.8
2026-09-25,https://sixten.jp/journal/102-nike-ja-4-jaws.html,0,3,6.7
2026-09-25,https://sixten.jp/journal/107-akaishi-iwbf-wheelchair-worlds.html,0,1,8
2026-09-25,https://sixten.jp/journal/110-anta-kai-3-alchemist.html,0,1,4
2026-09-25,https://sixten.jp/journal/114-jordan-tatum-5.html,0,2,10
2026-09-25,https://sixten.jp/journal/121-jordan-tatum-5-sunrise.html,0,1,7
2026-09-25,https://sixten.jp/journal/134-adidas-anthony-edwards-3-cold-blooded.html,0,3,7.7
2026-09-25,https://sixten.jp/journal/135-air-jordan-1-low-last-dance-at-the-garden.html,0,5,11.4
2026-09-25,https://sixten.jp/journal/136-clippers-kawhi-federal-investigation.html,0,2,10.5
2026-09-25,https://sixten.jp/journal/144-bleague-2026-27-how-to-watch.html,0,6,2
2026-09-25,https://sixten.jp/journal/146-payroll-cup-wheelchair-basketball.html,0,4,7.5
2026-09-25,https://sixten.jp/journal/151-bleague-premier-guide.html,0,6,6.3
2026-09-25,https://sixten.jp/journal/152-nba-cup-guide.html,0,5,6.2
2026-09-25,https://sixten.jp/journal/155-kobe-3-protro-orca.html,0,9,8.4
2026-09-25,https://sixten.jp/journal/164-nike-caitlin-1-signature.html,0,4,8.8
2026-09-25,https://sixten.jp/journal/168-kobe-8-protro-mambacurial.html,0,3,7.3
2026-09-25,https://sixten.jp/journal/174-kobe-5-protro-what-the-rick.html,0,1,4
2026-09-25,https://sixten.jp/journal/179-kobe-3-protro-black-white.html,0,3,5.7
2026-09-25,https://sixten.jp/journal/180-garmin-yokohama-bcorsairs-partnership.html,0,3,6.7
2026-09-25,https://sixten.jp/journal/184-japan-women-hkg-asian-games.html,0,1,2
2026-09-25,https://sixten.jp/journal/189-tokyomx-alvark-broadcast.html,0,4,9.8
2026-09-25,https://sixten.jp/journal/202-pelle-larson-heat-extension.html,0,1,8
2026-09-25,https://sixten.jp/journal/206-japan-women-kazakhstan-asian-games.html,0,1,4
2026-09-25,https://sixten.jp/journal/207-japan-korea-asian-games-final.html,0,22,8.4
2026-09-25,https://sixten.jp/journal/208-nike-kobe-8-protro-shanghai-fireworks.html,0,3,6.7
2026-09-25,https://sixten.jp/journal/209-nike-air-force-1-low-nyc-rat.html,2,7,3
2026-09-25,https://sixten.jp/journal/214-nike-ja-4-phantom.html,1,16,4.6
2026-09-25,https://sixten.jp/journal/219-japan-women-philippines-asian-games.html,1,15,9.9
2026-09-25,https://sixten.jp/journal/222-nike-lebron-witness-10.html,1,3,4
2026-09-25,https://sixten.jp/journal/224-hawks-buddy-hield-hornets-trade.html,0,1,10
2026-09-25,https://sixten.jp/journal/227-nba-rank-2026-50-11.html,0,1,8
2026-09-25,https://sixten.jp/journal/230-curry-contract-no-drama.html,2,59,6.8
2026-09-25,https://sixten.jp/journal/232-knicks-towns-extension-stalled.html,0,1,11
2026-09-25,https://sixten.jp/journal/235-mavericks-lively-not-cleared-camp.html,0,1,2
2026-09-25,https://sixten.jp/journal/237-lawrence-tanter-lakers-pa-dies.html,0,2,1
2026-09-25,https://sixten.jp/journal/238-361-oba-takeru-ambassador.html,0,6,7
2026-09-25,https://sixten.jp/journal/239-nba-rank-2026-top10.html,0,1,3
2026-09-25,https://sixten.jp/journal/240-japan-women-thailand-asian-games-qf.html,0,17,8.2
2026-09-25,https://sixten.jp/journal/241-aisaac-shinshu-brave-warriors.html,0,1,11
2026-09-25,https://sixten.jp/journal/242-nike-air-foamposite-one-oregon-ducks-black-mummy.html,0,1,2
2026-09-25,https://sixten.jp/journal/243-broncos-urawa-reds-partnership.html,0,6,9.2
2026-09-25,https://sixten.jp/journal/245-thunder-presti-preseason-presser.html,0,3,8.7
2026-09-25,https://sixten.jp/journal/246-bob-pettit-dies.html,0,13,8.4
2026-09-25,https://sixten.jp/journal/247-pelinka-lebron-exit-lakers-reset.html,0,2,7
2026-09-25,https://sixten.jp/journal/250-puma-mb06-shooting-star.html,0,2,6
2026-09-25,https://sixten.jp/journal/251-tryhoop-okayama-kimochiru-mvp.html,0,3,5.3
2026-09-25,https://sixten.jp/journal/257-grizzlies-waive-dangelo-russell.html?utm_source=threads,1,2,1.5
2026-09-25,https://sixten.jp/journal/258-mavericks-resign-dwight-powell.html,0,1,5
2026-09-25,https://sixten.jp/journal/260-kyrie-irving-acl-recovery-no-restrictions.html,0,4,9.8
2026-09-25,https://sixten.jp/journal/japan/,0,7,6
2026-09-25,https://sixten.jp/media/chris-basketball-diary.html,0,14,7.8
2026-09-26,https://sixten.jp/journal/001-banned-aj1.html,0,2,11.5
2026-09-26,https://sixten.jp/journal/037-haruyoshi-yanagigaura.html,1,2,2.5
2026-09-26,https://sixten.jp/journal/043-payrollcup-4th-wheelchair.html,0,8,3.2
2026-09-26,https://sixten.jp/journal/050-hokurikugakuin-komatsuwall.html,0,1,4
2026-09-26,https://sixten.jp/journal/090-air-jordan-12-idols-become-rivals.html,0,1,7
2026-09-26,https://sixten.jp/journal/101-nike-book-2-halloween.html,1,3,3.7
2026-09-26,https://sixten.jp/journal/106-air-jordan-7-tennis-day.html,0,1,10
2026-09-26,https://sixten.jp/journal/110-anta-kai-3-alchemist.html,1,3,5.7
2026-09-26,https://sixten.jp/journal/143-nba-2026-27-how-to-watch-japan.html,0,5,6.2
2026-09-26,https://sixten.jp/journal/146-payroll-cup-wheelchair-basketball.html,0,2,7.5
2026-09-26,https://sixten.jp/journal/151-bleague-premier-guide.html,0,15,7.3
2026-09-26,https://sixten.jp/journal/175-saga-ballooners-premier-opener.html,0,2,7
2026-09-26,https://sixten.jp/journal/199-jazz-keyonte-george-extension.html,0,1,1
2026-09-26,https://sixten.jp/journal/206-japan-women-kazakhstan-asian-games.html,0,1,30
2026-09-26,https://sixten.jp/journal/207-japan-korea-asian-games-final.html,0,1,11
2026-09-26,https://sixten.jp/journal/208-nike-kobe-8-protro-shanghai-fireworks.html,0,4,7.8
2026-09-26,https://sixten.jp/journal/209-nike-air-force-1-low-nyc-rat.html,0,2,6
2026-09-26,https://sixten.jp/journal/214-nike-ja-4-phantom.html,1,17,5.5
2026-09-26,https://sixten.jp/journal/219-japan-women-philippines-asian-games.html,0,6,8.8
2026-09-26,https://sixten.jp/journal/220-espn-nba-rank-2026.html,0,3,8.3
2026-09-26,https://sixten.jp/journal/222-nike-lebron-witness-10.html,1,1,5
2026-09-26,https://sixten.jp/journal/224-hawks-buddy-hield-hornets-trade.html,0,3,7.7
2026-09-26,https://sixten.jp/journal/230-curry-contract-no-drama.html,1,16,8.5
2026-09-26,https://sixten.jp/journal/235-mavericks-lively-not-cleared-camp.html,0,3,7
2026-09-26,https://sixten.jp/journal/237-lawrence-tanter-lakers-pa-dies.html,0,1,1
2026-09-26,https://sixten.jp/journal/238-361-oba-takeru-ambassador.html,0,2,7.5
2026-09-26,https://sixten.jp/journal/239-nba-rank-2026-top10.html,0,1,6
2026-09-26,https://sixten.jp/journal/240-japan-women-thailand-asian-games-qf.html,0,1,12
2026-09-26,https://sixten.jp/journal/241-aisaac-shinshu-brave-warriors.html,0,2,7
2026-09-26,https://sixten.jp/journal/243-broncos-urawa-reds-partnership.html,0,16,8.9
2026-09-26,https://sixten.jp/journal/245-thunder-presti-preseason-presser.html,0,1,8
2026-09-26,https://sixten.jp/journal/250-puma-mb06-shooting-star.html,0,1,9
2026-09-26,https://sixten.jp/journal/251-tryhoop-okayama-kimochiru-mvp.html,1,3,2.7
2026-09-26,https://sixten.jp/journal/253-lebron-76ers-decision-maxey-embiid.html,0,1,16
2026-09-26,https://sixten.jp/journal/254-japan-women-taipei-asian-games-sf.html,0,1,8
2026-09-26,https://sixten.jp/journal/255-shinagawa-cc-wildcats-3xs-homegame.html,0,1,4
2026-09-26,https://sixten.jp/journal/257-grizzlies-waive-dangelo-russell.html,0,2,8
2026-09-26,https://sixten.jp/journal/257-grizzlies-waive-dangelo-russell.html?utm_source=threads,0,3,3.3
2026-09-26,https://sixten.jp/journal/258-mavericks-resign-dwight-powell.html,0,1,3
2026-09-26,https://sixten.jp/journal/260-kyrie-irving-acl-recovery-no-restrictions.html,0,8,7.5
2026-09-26,https://sixten.jp/journal/261-warriors-curry-extension.html,0,2,3.5
2026-09-26,https://sixten.jp/journal/264-nba-rank-2026-audit-metrics.html,0,1,11
2026-09-26,https://sixten.jp/journal/265-bulls-trade-dillingham-hield-hornets.html,0,7,4.7
2026-09-26,https://sixten.jp/journal/japan/,0,4,6.5
2026-09-26,https://sixten.jp/media/chris-basketball-diary.html,0,7,8.4
2026-09-26,https://sixten.jp/media/starting5ive.html,1,8,6.9
2026-09-27,https://sixten.jp/journal/001-banned-aj1.html,0,2,10.5
2026-09-27,https://sixten.jp/journal/031-sportsnavi-u18-league.html,0,1,2
2026-09-27,https://sixten.jp/journal/043-payrollcup-4th-wheelchair.html,1,5,5.4
2026-09-27,https://sixten.jp/journal/074-amen-thompson-rockets-extension.html,0,1,9
2026-09-27,https://sixten.jp/journal/075-eneos-sunflowers-fiba-worldcup.html,0,1,9
2026-09-27,https://sixten.jp/journal/076-kings-u15-okinawa-qualifier.html,0,2,15.5
2026-09-27,https://sixten.jp/journal/089-bucks-2026-27-season-preview.html,0,3,7
2026-09-27,https://sixten.jp/journal/093-lebron-23-white-team-red.html,0,1,2
2026-09-27,https://sixten.jp/journal/096-nba-injury-returns-2026-27.html,0,1,7
2026-09-27,https://sixten.jp/journal/101-nike-book-2-halloween.html,0,7,5
2026-09-27,https://sixten.jp/journal/102-nike-ja-4-jaws.html,0,2,7
2026-09-27,https://sixten.jp/journal/107-akaishi-iwbf-wheelchair-worlds.html,0,1,6
2026-09-27,https://sixten.jp/journal/143-nba-2026-27-how-to-watch-japan.html,0,6,6.5
2026-09-27,https://sixten.jp/journal/146-payroll-cup-wheelchair-basketball.html,1,5,4.6
2026-09-27,https://sixten.jp/journal/151-bleague-premier-guide.html,0,10,6.9
2026-09-27,https://sixten.jp/journal/165-celtics-offseason-tatum-return.html,0,1,7
2026-09-27,https://sixten.jp/journal/188-onecareer-alvark-partnership.html,1,8,4.2
2026-09-27,https://sixten.jp/journal/199-jazz-keyonte-george-extension.html,0,1,4
2026-09-27,https://sixten.jp/journal/206-japan-women-kazakhstan-asian-games.html,0,1,11
2026-09-27,https://sixten.jp/journal/208-nike-kobe-8-protro-shanghai-fireworks.html,0,2,5.5
2026-09-27,https://sixten.jp/journal/209-nike-air-force-1-low-nyc-rat.html,0,2,8
2026-09-27,https://sixten.jp/journal/210-espn-key-number-every-team.html,0,2,8
2026-09-27,https://sixten.jp/journal/214-nike-ja-4-phantom.html,1,21,5.3
2026-09-27,https://sixten.jp/journal/219-japan-women-philippines-asian-games.html,0,1,11
2026-09-27,https://sixten.jp/journal/220-espn-nba-rank-2026.html,0,3,7
2026-09-27,https://sixten.jp/journal/223-kawhi-leonard-raptors-extension-signed.html,0,1,11
2026-09-27,https://sixten.jp/journal/227-nba-rank-2026-50-11.html,0,2,4.5
2026-09-27,https://sixten.jp/journal/230-curry-contract-no-drama.html,0,1,11
2026-09-27,https://sixten.jp/journal/232-knicks-towns-extension-stalled.html,0,1,8
2026-09-27,https://sixten.jp/journal/238-361-oba-takeru-ambassador.html,0,1,10
2026-09-27,https://sixten.jp/journal/241-aisaac-shinshu-brave-warriors.html,0,2,6
2026-09-27,https://sixten.jp/journal/243-broncos-urawa-reds-partnership.html,0,13,7.2
2026-09-27,https://sixten.jp/journal/250-puma-mb06-shooting-star.html,0,1,4
2026-09-27,https://sixten.jp/journal/251-tryhoop-okayama-kimochiru-mvp.html,0,2,6
2026-09-27,https://sixten.jp/journal/254-japan-women-taipei-asian-games-sf.html,0,2,6
2026-09-27,https://sixten.jp/journal/255-shinagawa-cc-wildcats-3xs-homegame.html,0,1,4
2026-09-27,https://sixten.jp/journal/260-kyrie-irving-acl-recovery-no-restrictions.html,1,16,5.2
2026-09-27,https://sixten.jp/journal/261-warriors-curry-extension.html,0,1,10
2026-09-27,https://sixten.jp/journal/262-knueppel-hamstring-injury.html,0,15,7.5
2026-09-27,https://sixten.jp/journal/264-nba-rank-2026-audit-metrics.html,0,1,3
2026-09-27,https://sixten.jp/journal/265-bulls-trade-dillingham-hield-hornets.html,0,20,7.2
2026-09-27,https://sixten.jp/journal/265-bulls-trade-dillingham-hield-hornets.html?utm_source=threads,0,17,4.8
2026-09-27,https://sixten.jp/journal/266-dennis-smith-jr-heat-deal.html,0,1,58
2026-09-27,https://sixten.jp/journal/index.html?cat=KICKS,0,2,3.5
2026-09-27,https://sixten.jp/journal/japan/,0,3,8.3
2026-09-27,https://sixten.jp/journal/projects/,0,1,1
2026-09-27,https://sixten.jp/media/chris-basketball-diary.html,0,12,6.8
2026-09-27,https://sixten.jp/media/starting5ive.html,0,3,8.7
2026-09-28,https://sixten.jp/,1,2,1
2026-09-28,https://sixten.jp/journal/015-tabuse-hachimura-sasaki-talk.html,0,1,11
2026-09-28,https://sixten.jp/journal/026-watson-cavaliers.html,0,1,9
2026-09-28,https://sixten.jp/journal/042-broncos-akita-preseason.html,1,2,5.5
2026-09-28,https://sixten.jp/journal/043-payrollcup-4th-wheelchair.html,1,1,2
2026-09-28,https://sixten.jp/journal/055-rimtown-basketball-school.html,0,1,7
2026-09-28,https://sixten.jp/journal/095-bulls-2026-27-season-preview.html,0,1,2
2026-09-28,https://sixten.jp/journal/097-76ers-flyers-new-arena.html,1,1,2
2026-09-28,https://sixten.jp/journal/101-nike-book-2-halloween.html,0,3,6.3
2026-09-28,https://sixten.jp/journal/107-akaishi-iwbf-wheelchair-worlds.html,0,1,11
2026-09-28,https://sixten.jp/journal/110-anta-kai-3-alchemist.html,0,3,5.3
2026-09-28,https://sixten.jp/journal/111-nba-2026-27-tier-preview.html,0,1,7
2026-09-28,https://sixten.jp/journal/112-cavaliers-2026-27-preview.html,0,1,12
2026-09-28,https://sixten.jp/journal/117-yokohama-excellence-basketball-donation.html,0,1,9
2026-09-28,https://sixten.jp/journal/121-jordan-tatum-5-sunrise.html,0,1,6
2026-09-28,https://sixten.jp/journal/143-nba-2026-27-how-to-watch-japan.html,1,12,7.5
2026-09-28,https://sixten.jp/journal/151-bleague-premier-guide.html,0,2,16.5
2026-09-28,https://sixten.jp/journal/180-garmin-yokohama-bcorsairs-partnership.html,0,3,18.7
2026-09-28,https://sixten.jp/journal/188-onecareer-alvark-partnership.html,0,1,4
2026-09-28,https://sixten.jp/journal/206-japan-women-kazakhstan-asian-games.html,0,1,8
2026-09-28,https://sixten.jp/journal/208-nike-kobe-8-protro-shanghai-fireworks.html,0,2,4.5
2026-09-28,https://sixten.jp/journal/209-nike-air-force-1-low-nyc-rat.html,0,1,7
2026-09-28,https://sixten.jp/journal/214-nike-ja-4-phantom.html,0,34,5.4
2026-09-28,https://sixten.jp/journal/216-doc-rivers-retires-nbc.html,0,1,6
2026-09-28,https://sixten.jp/journal/219-japan-women-philippines-asian-games.html,0,1,2
2026-09-28,https://sixten.jp/journal/222-nike-lebron-witness-10.html,0,5,7
2026-09-28,https://sixten.jp/journal/223-kawhi-leonard-raptors-extension-signed.html,0,2,10
2026-09-28,https://sixten.jp/journal/224-hawks-buddy-hield-hornets-trade.html,0,1,11
2026-09-28,https://sixten.jp/journal/226-clippers-redden-interim-president.html,1,3,2
2026-09-28,https://sixten.jp/journal/235-mavericks-lively-not-cleared-camp.html,0,1,10
2026-09-28,https://sixten.jp/journal/238-361-oba-takeru-ambassador.html,0,2,4.5
2026-09-28,https://sixten.jp/journal/241-aisaac-shinshu-brave-warriors.html,0,1,7
2026-09-28,https://sixten.jp/journal/243-broncos-urawa-reds-partnership.html,0,5,8.4
2026-09-28,https://sixten.jp/journal/250-puma-mb06-shooting-star.html,0,1,7
2026-09-28,https://sixten.jp/journal/255-shinagawa-cc-wildcats-3xs-homegame.html,0,2,8
2026-09-28,https://sixten.jp/journal/256-brunson-cleared-wrist-surgery.html,0,1,8
2026-09-28,https://sixten.jp/journal/260-kyrie-irving-acl-recovery-no-restrictions.html,0,8,2.2
2026-09-28,https://sixten.jp/journal/262-knueppel-hamstring-injury.html,0,1,9
2026-09-28,https://sixten.jp/journal/264-nba-rank-2026-audit-metrics.html,0,1,3
2026-09-28,https://sixten.jp/journal/265-bulls-trade-dillingham-hield-hornets.html,0,7,6.6
2026-09-28,https://sixten.jp/journal/265-bulls-trade-dillingham-hield-hornets.html?utm_source=threads,0,14,5.6
2026-09-28,https://sixten.jp/journal/266-dennis-smith-jr-heat-deal.html,0,3,9
2026-09-28,https://sixten.jp/journal/267-espn-newcomers-preview-2026-27.html,0,2,6
2026-09-28,https://sixten.jp/journal/268-duren-pistons-contract-standoff.html,0,2,5
2026-09-28,https://sixten.jp/journal/269-kobe-10-protro-blue-lagoon.html,1,6,3.7
2026-09-28,https://sixten.jp/journal/276-giannis-heat-media-day-best-player.html?utm_source=threads,0,1,11
2026-09-28,https://sixten.jp/journal/292-thunder-daigneault-spurs-media-day.html?utm_source=threads,0,1,3
2026-09-28,https://sixten.jp/journal/303-anthony-davis-wizards-extension-wait.html,0,3,3.7
2026-09-28,https://sixten.jp/journal/japan/,0,1,5
2026-09-28,https://sixten.jp/journal/projects/,0,1,2
2026-09-28,https://sixten.jp/media/chris-basketball-diary.html,1,18,7.2
2026-09-28,https://sixten.jp/media/starting5ive.html,0,2,5
2026-09-29,https://sixten.jp/,1,3,5
2026-09-29,https://sixten.jp/journal/001-banned-aj1.html,0,3,9.3
2026-09-29,https://sixten.jp/journal/043-payrollcup-4th-wheelchair.html,0,3,3
2026-09-29,https://sixten.jp/journal/057-converse-2faced.html,0,1,10
2026-09-29,https://sixten.jp/journal/075-eneos-sunflowers-fiba-worldcup.html,0,1,5
2026-09-29,https://sixten.jp/journal/089-bucks-2026-27-season-preview.html,0,2,6
2026-09-29,https://sixten.jp/journal/095-bulls-2026-27-season-preview.html,0,1,2
2026-09-29,https://sixten.jp/journal/101-nike-book-2-halloween.html,0,3,7
2026-09-29,https://sixten.jp/journal/102-nike-ja-4-jaws.html,0,1,9
2026-09-29,https://sixten.jp/journal/109-tokyo-z-avantgardey.html,0,1,6
2026-09-29,https://sixten.jp/journal/110-anta-kai-3-alchemist.html,0,1,4
2026-09-29,https://sixten.jp/journal/115-chiba-sky-wings-festa.html,0,1,10
2026-09-29,https://sixten.jp/journal/121-jordan-tatum-5-sunrise.html,0,2,7
2026-09-29,https://sixten.jp/journal/137-beal-clippers-no3-jersey.html,0,1,20
2026-09-29,https://sixten.jp/journal/138-clippers-punishment-explained.html,0,1,26
2026-09-29,https://sixten.jp/journal/143-nba-2026-27-how-to-watch-japan.html,1,21,8.2
2026-09-29,https://sixten.jp/journal/144-bleague-2026-27-how-to-watch.html,0,2,4.5
2026-09-29,https://sixten.jp/journal/145-jordan-tatum-signature-series.html,1,1,11
2026-09-29,https://sixten.jp/journal/151-bleague-premier-guide.html,0,6,6.7
2026-09-29,https://sixten.jp/journal/152-nba-cup-guide.html,0,4,3.5
2026-09-29,https://sixten.jp/journal/156-adidas-superstar-cold-blooded.html,0,2,3.5
2026-09-29,https://sixten.jp/journal/180-garmin-yokohama-bcorsairs-partnership.html,0,1,7
2026-09-29,https://sixten.jp/journal/201-cam-whitmore-nuggets-two-way.html,0,1,9
2026-09-29,https://sixten.jp/journal/206-japan-women-kazakhstan-asian-games.html,0,1,9
2026-09-29,https://sixten.jp/journal/207-japan-korea-asian-games-final.html,0,7,3.1
2026-09-29,https://sixten.jp/journal/208-nike-kobe-8-protro-shanghai-fireworks.html,0,1,7
2026-09-29,https://sixten.jp/journal/214-nike-ja-4-phantom.html,1,21,5.9
2026-09-29,https://sixten.jp/journal/219-japan-women-philippines-asian-games.html,0,2,7
2026-09-29,https://sixten.jp/journal/222-nike-lebron-witness-10.html,1,4,5
2026-09-29,https://sixten.jp/journal/226-clippers-redden-interim-president.html,1,9,2.2
2026-09-29,https://sixten.jp/journal/232-knicks-towns-extension-stalled.html,0,1,6
2026-09-29,https://sixten.jp/journal/237-lawrence-tanter-lakers-pa-dies.html,0,2,4
2026-09-29,https://sixten.jp/journal/243-broncos-urawa-reds-partnership.html,0,7,8
2026-09-29,https://sixten.jp/journal/255-shinagawa-cc-wildcats-3xs-homegame.html,0,1,4
2026-09-29,https://sixten.jp/journal/257-grizzlies-waive-dangelo-russell.html?utm_source=threads,0,1,9
2026-09-29,https://sixten.jp/journal/260-kyrie-irving-acl-recovery-no-restrictions.html,1,9,2.1
2026-09-29,https://sixten.jp/journal/262-knueppel-hamstring-injury.html,0,2,11.5
2026-09-29,https://sixten.jp/journal/264-nba-rank-2026-audit-metrics.html,0,7,8.7
2026-09-29,https://sixten.jp/journal/265-bulls-trade-dillingham-hield-hornets.html,0,4,12.2
2026-09-29,https://sixten.jp/journal/266-dennis-smith-jr-heat-deal.html,0,4,12
2026-09-29,https://sixten.jp/journal/268-duren-pistons-contract-standoff.html,0,1,27
2026-09-29,https://sixten.jp/journal/269-kobe-10-protro-blue-lagoon.html,1,10,5.1
2026-09-29,https://sixten.jp/journal/270-porzingis-warriors-health-issue.html,0,5,7.2
2026-09-29,https://sixten.jp/journal/271-kawhi-leonard-focused-raptors.html,0,3,7
2026-09-29,https://sixten.jp/journal/273-towns-knicks-extension-media-day.html?utm_source=threads,0,2,8
2026-09-29,https://sixten.jp/journal/274-haliburton-no-restrictions-achilles-return.html?utm_source=threads,0,1,7
2026-09-29,https://sixten.jp/journal/276-giannis-heat-media-day-best-player.html,0,4,5
2026-09-29,https://sixten.jp/journal/276-giannis-heat-media-day-best-player.html?utm_source=threads,0,5,9.4
2026-09-29,https://sixten.jp/journal/280-clippers-ingram-partial-achilles-tear.html,0,8,7
2026-09-29,https://sixten.jp/journal/282-nba-media-day-2026-quotes-roundup.html,1,9,3.9
2026-09-29,https://sixten.jp/journal/284-warriors-2027-cap-space-bobby-marks.html,0,1,1
2026-09-29,https://sixten.jp/journal/287-duren-pistons-langdon-gm.html,0,3,14.3
2026-09-29,https://sixten.jp/journal/289-ben-simmons-kings-media-day.html?utm_source=threads,0,1,17
2026-09-29,https://sixten.jp/journal/290-clippers-apologize-fans-leonard-investigation.html?utm_source=threads,0,5,4
2026-09-29,https://sixten.jp/journal/292-thunder-daigneault-spurs-media-day.html?utm_source=threads,0,2,9.5
2026-09-29,https://sixten.jp/journal/294-hornets-waive-dillingham.html,0,7,4.1
2026-09-29,https://sixten.jp/journal/295-76ers-sacrifice-media-day.html,0,6,5.8
2026-09-29,https://sixten.jp/journal/299-bucks-trent-jr-investigation.html,0,2,12
2026-09-29,https://sixten.jp/journal/301-edwards-cede-pg-duties-lamelo-ball.html,0,2,2
2026-09-29,https://sixten.jp/journal/302-jimmy-butler-acl-rehab-ahead.html,0,9,5.3
2026-09-29,https://sixten.jp/journal/303-anthony-davis-wizards-extension-wait.html,0,2,2
2026-09-29,https://sixten.jp/journal/304-zion-williamson-not-where-i-want-to-be.html,1,33,4.9
2026-09-29,https://sixten.jp/journal/307-dylan-harper-spurs-role.html,0,1,18
2026-09-29,https://sixten.jp/journal/308-bronny-james-own-path.html,0,6,9.3
2026-09-29,https://sixten.jp/journal/309-air-jordan-4-j-balvin-amazonas.html,1,6,3.2
2026-09-29,https://sixten.jp/journal/310-ss-andteras-partnership.html,0,2,3
2026-09-29,https://sixten.jp/journal/316-brandon-ingram-achilles-clippers.html,0,4,1.2
2026-09-29,https://sixten.jp/journal/index.html?cat=KICKS,0,1,30
2026-09-29,https://sixten.jp/journal/projects/,0,1,2
2026-09-29,https://sixten.jp/media/chris-basketball-diary.html,0,7,13.9
2026-09-29,https://sixten.jp/media/starting5ive.html,2,6,6
2026-09-30,https://sixten.jp/,0,2,3.5
2026-09-30,https://sixten.jp/index.html,0,1,3
2026-09-30,https://sixten.jp/journal/001-banned-aj1.html,0,1,8
2026-09-30,https://sixten.jp/journal/020-bandai-namco-arena-matsue.html,0,2,3
2026-09-30,https://sixten.jp/journal/038-jue-jones-cup-wkbl.html,0,2,11
2026-09-30,https://sixten.jp/journal/075-eneos-sunflowers-fiba-worldcup.html,0,2,5
2026-09-30,https://sixten.jp/journal/095-bulls-2026-27-season-preview.html,0,1,6
2026-09-30,https://sixten.jp/journal/098-air-jordan-1-low-element-gtx-cream-ii.html,0,1,8
2026-09-30,https://sixten.jp/journal/101-nike-book-2-halloween.html,0,3,4.3
2026-09-30,https://sixten.jp/journal/102-nike-ja-4-jaws.html,0,1,7
2026-09-30,https://sixten.jp/journal/133-anthony-edwards-adidas-superstar-ii-bliss-blue.html,0,1,6
2026-09-30,https://sixten.jp/journal/143-nba-2026-27-how-to-watch-japan.html,0,12,8.5
2026-09-30,https://sixten.jp/journal/145-jordan-tatum-signature-series.html,0,3,8.3
2026-09-30,https://sixten.jp/journal/146-payroll-cup-wheelchair-basketball.html,0,1,8
2026-09-30,https://sixten.jp/journal/151-bleague-premier-guide.html,0,14,9.6
2026-09-30,https://sixten.jp/journal/152-nba-cup-guide.html,0,2,10
2026-09-30,https://sixten.jp/journal/162-air-jordan-1-low-halloween.html,0,3,7
2026-09-30,https://sixten.jp/journal/164-nike-caitlin-1-signature.html,0,2,5.5
2026-09-30,https://sixten.jp/journal/179-kobe-3-protro-black-white.html,0,1,5
2026-09-30,https://sixten.jp/journal/180-garmin-yokohama-bcorsairs-partnership.html,0,1,7
2026-09-30,https://sixten.jp/journal/188-onecareer-alvark-partnership.html,0,1,7
2026-09-30,https://sixten.jp/journal/192-jrwest-hokuriku-derby-campaign.html,0,1,1
2026-09-30,https://sixten.jp/journal/207-japan-korea-asian-games-final.html,0,9,2.3
2026-09-30,https://sixten.jp/journal/214-nike-ja-4-phantom.html,0,45,6.9
2026-09-30,https://sixten.jp/journal/216-doc-rivers-retires-nbc.html,0,1,7
2026-09-30,https://sixten.jp/journal/222-nike-lebron-witness-10.html,0,3,5.3
2026-09-30,https://sixten.jp/journal/226-clippers-redden-interim-president.html,0,1,8
2026-09-30,https://sixten.jp/journal/227-nba-rank-2026-50-11.html,0,2,6.5
2026-09-30,https://sixten.jp/journal/237-lawrence-tanter-lakers-pa-dies.html,0,2,4.5
2026-09-30,https://sixten.jp/journal/238-361-oba-takeru-ambassador.html,0,2,8
2026-09-30,https://sixten.jp/journal/239-nba-rank-2026-top10.html,0,1,7
2026-09-30,https://sixten.jp/journal/241-aisaac-shinshu-brave-warriors.html,0,1,11
2026-09-30,https://sixten.jp/journal/243-broncos-urawa-reds-partnership.html,0,2,10
2026-09-30,https://sixten.jp/journal/247-pelinka-lebron-exit-lakers-reset.html,0,1,9
2026-09-30,https://sixten.jp/journal/250-puma-mb06-shooting-star.html,0,1,6
2026-09-30,https://sixten.jp/journal/257-grizzlies-waive-dangelo-russell.html,0,1,7
2026-09-30,https://sixten.jp/journal/259-hotscape-saitama-broncos-partnership.html,0,2,5.5
2026-09-30,https://sixten.jp/journal/260-kyrie-irving-acl-recovery-no-restrictions.html,0,1,8
2026-09-30,https://sixten.jp/journal/264-nba-rank-2026-audit-metrics.html,0,4,7.8
2026-09-30,https://sixten.jp/journal/269-kobe-10-protro-blue-lagoon.html,1,11,4.1
2026-09-30,https://sixten.jp/journal/270-porzingis-warriors-health-issue.html,0,1,4
2026-09-30,https://sixten.jp/journal/273-towns-knicks-extension-media-day.html,0,2,6
2026-09-30,https://sixten.jp/journal/273-towns-knicks-extension-media-day.html?utm_source=threads,0,1,5
2026-09-30,https://sixten.jp/journal/276-giannis-heat-media-day-best-player.html,0,3,8.7
2026-09-30,https://sixten.jp/journal/276-giannis-heat-media-day-best-player.html?utm_source=threads,0,1,10
2026-09-30,https://sixten.jp/journal/280-clippers-ingram-partial-achilles-tear.html,0,3,7.7
2026-09-30,https://sixten.jp/journal/282-nba-media-day-2026-quotes-roundup.html,1,10,6.8
2026-09-30,https://sixten.jp/journal/284-warriors-2027-cap-space-bobby-marks.html,0,4,7.8
2026-09-30,https://sixten.jp/journal/285-mitchell-harden-cavaliers-media-day.html?utm_source=threads,0,2,7
2026-09-30,https://sixten.jp/journal/286-doncic-lakers-lebron-exit.html?utm_source=threads,0,1,9
2026-09-30,https://sixten.jp/journal/287-duren-pistons-langdon-gm.html,0,2,8
2026-09-30,https://sixten.jp/journal/289-ben-simmons-kings-media-day.html?utm_source=threads,0,3,3.3
2026-09-30,https://sixten.jp/journal/290-clippers-apologize-fans-leonard-investigation.html?utm_source=threads,0,3,12
2026-09-30,https://sixten.jp/journal/291-curry-home-warriors-extension-injuries.html,0,1,11
2026-09-30,https://sixten.jp/journal/294-hornets-waive-dillingham.html,0,2,5.5
2026-09-30,https://sixten.jp/journal/296-lillard-morant-blazers-backcourt.html,0,4,9
2026-09-30,https://sixten.jp/journal/301-edwards-cede-pg-duties-lamelo-ball.html,0,1,7
2026-09-30,https://sixten.jp/journal/302-jimmy-butler-acl-rehab-ahead.html,0,4,3.2
2026-09-30,https://sixten.jp/journal/303-anthony-davis-wizards-extension-wait.html,0,1,11
2026-09-30,https://sixten.jp/journal/304-zion-williamson-not-where-i-want-to-be.html,0,40,11.2
2026-09-30,https://sixten.jp/journal/306-embiid-76ers-extremely-excited.html,0,2,6.5
2026-09-30,https://sixten.jp/journal/308-bronny-james-own-path.html,0,151,11.0
2026-09-30,https://sixten.jp/journal/309-air-jordan-4-j-balvin-amazonas.html,0,19,3.6
2026-09-30,https://sixten.jp/journal/310-ss-andteras-partnership.html,1,4,7
2026-09-30,https://sixten.jp/journal/311-air-jordan-4-light-army.html,0,1,10
2026-09-30,https://sixten.jp/journal/316-brandon-ingram-achilles-clippers.html,1,8,4.9
2026-09-30,https://sixten.jp/journal/317-kessler-lakers-defense.html?utm_source=threads,0,2,3
2026-09-30,https://sixten.jp/journal/321-nba-push-off-officiating.html,4,7,2.9
2026-09-30,https://sixten.jp/journal/323-uniqlo-jwbf-partnership.html,0,1,11
2026-09-30,https://sixten.jp/journal/328-towns-knicks-pay-cut-andrews.html,0,1,10
2026-09-30,https://sixten.jp/journal/329-ryan-nembhard-nuggets-two-way.html,0,4,6
2026-09-30,https://sixten.jp/media/chris-basketball-diary.html,0,21,9.0
2026-09-30,https://sixten.jp/media/starting5ive.html,0,1,7
2026-10-01,https://sixten.jp/,0,1,1
2026-10-01,https://sixten.jp/index.html,0,1,4
2026-10-01,https://sixten.jp/journal/,0,13,9.8
2026-10-01,https://sixten.jp/journal/001-banned-aj1.html,0,4,9.2
2026-10-01,https://sixten.jp/journal/007-osakabe-donation.html,0,1,10
2026-10-01,https://sixten.jp/journal/014-oikos-gold-partner.html,0,2,4.5
2026-10-01,https://sixten.jp/journal/040-williams-warriors.html,0,1,11
2026-10-01,https://sixten.jp/journal/050-hokurikugakuin-komatsuwall.html,0,1,10
2026-10-01,https://sixten.jp/journal/055-rimtown-basketball-school.html,0,1,10
2026-10-01,https://sixten.jp/journal/079-engelbert-wnba-retire.html,0,1,7
2026-10-01,https://sixten.jp/journal/081-magic-2026-27-season-preview.html,1,1,4
2026-10-01,https://sixten.jp/journal/101-nike-book-2-halloween.html,0,5,6.4
2026-10-01,https://sixten.jp/journal/105-lakers-phil-jackson-statue.html,0,1,10
2026-10-01,https://sixten.jp/journal/107-akaishi-iwbf-wheelchair-worlds.html,0,1,8
2026-10-01,https://sixten.jp/journal/110-anta-kai-3-alchemist.html,0,2,16.5
2026-10-01,https://sixten.jp/journal/114-jordan-tatum-5.html,0,2,10
2026-10-01,https://sixten.jp/journal/115-chiba-sky-wings-festa.html,0,4,10
2026-10-01,https://sixten.jp/journal/116-pistons-2026-27-preview.html,0,1,3
2026-10-01,https://sixten.jp/journal/135-air-jordan-1-low-last-dance-at-the-garden.html,0,1,10
2026-10-01,https://sixten.jp/journal/143-nba-2026-27-how-to-watch-japan.html,0,11,7.4
2026-10-01,https://sixten.jp/journal/146-payroll-cup-wheelchair-basketball.html,0,1,6
2026-10-01,https://sixten.jp/journal/151-bleague-premier-guide.html,0,9,11.4
2026-10-01,https://sixten.jp/journal/160-palsystem-saitama-broncos.html,0,1,6
2026-10-01,https://sixten.jp/journal/162-air-jordan-1-low-halloween.html,0,1,1
2026-10-01,https://sixten.jp/journal/164-nike-caitlin-1-signature.html,0,1,4
2026-10-01,https://sixten.jp/journal/168-kobe-8-protro-mambacurial.html,0,1,4
2026-10-01,https://sixten.jp/journal/179-kobe-3-protro-black-white.html,0,1,7
2026-10-01,https://sixten.jp/journal/188-onecareer-alvark-partnership.html,0,1,11
2026-10-01,https://sixten.jp/journal/192-jrwest-hokuriku-derby-campaign.html,0,4,9
2026-10-01,https://sixten.jp/journal/201-cam-whitmore-nuggets-two-way.html,0,1,4
2026-10-01,https://sixten.jp/journal/212-nicolas-batum-retires.html,0,1,7
2026-10-01,https://sixten.jp/journal/213-air-jordan-9-low-what-the-kilroy.html,0,1,2
2026-10-01,https://sixten.jp/journal/219-japan-women-philippines-asian-games.html,0,2,6
2026-10-01,https://sixten.jp/journal/222-nike-lebron-witness-10.html,0,2,7.5
2026-10-01,https://sixten.jp/journal/235-mavericks-lively-not-cleared-camp.html,0,1,3
2026-10-01,https://sixten.jp/journal/237-lawrence-tanter-lakers-pa-dies.html,0,2,6.5
2026-10-01,https://sixten.jp/journal/238-361-oba-takeru-ambassador.html,0,2,10
2026-10-01,https://sixten.jp/journal/241-aisaac-shinshu-brave-warriors.html,0,1,6
2026-10-01,https://sixten.jp/journal/243-broncos-urawa-reds-partnership.html,0,4,7.2
2026-10-01,https://sixten.jp/journal/253-lebron-76ers-decision-maxey-embiid.html,0,1,9
2026-10-01,https://sixten.jp/journal/259-hotscape-saitama-broncos-partnership.html,0,7,5.1
2026-10-01,https://sixten.jp/journal/260-kyrie-irving-acl-recovery-no-restrictions.html,0,1,1
2026-10-01,https://sixten.jp/journal/261-warriors-curry-extension.html,0,1,9
2026-10-01,https://sixten.jp/journal/262-knueppel-hamstring-injury.html,0,1,8
2026-10-01,https://sixten.jp/journal/264-nba-rank-2026-audit-metrics.html,0,3,8.3
2026-10-01,https://sixten.jp/journal/265-bulls-trade-dillingham-hield-hornets.html,0,1,7
2026-10-01,https://sixten.jp/journal/266-dennis-smith-jr-heat-deal.html,0,1,13
2026-10-01,https://sixten.jp/journal/268-duren-pistons-contract-standoff.html,0,5,9.2
2026-10-01,https://sixten.jp/journal/269-kobe-10-protro-blue-lagoon.html,0,13,4.1
2026-10-01,https://sixten.jp/journal/270-porzingis-warriors-health-issue.html,0,1,15
2026-10-01,https://sixten.jp/journal/271-kawhi-leonard-focused-raptors.html,1,4,6
2026-10-01,https://sixten.jp/journal/273-towns-knicks-extension-media-day.html,0,2,9.5
2026-10-01,https://sixten.jp/journal/274-haliburton-no-restrictions-achilles-return.html,0,1,3
2026-10-01,https://sixten.jp/journal/274-haliburton-no-restrictions-achilles-return.html?utm_source=threads,0,1,4
2026-10-01,https://sixten.jp/journal/282-nba-media-day-2026-quotes-roundup.html,0,11,10
2026-10-01,https://sixten.jp/journal/284-warriors-2027-cap-space-bobby-marks.html,0,1,7
2026-10-01,https://sixten.jp/journal/286-doncic-lakers-lebron-exit.html,0,2,3
2026-10-01,https://sixten.jp/journal/287-duren-pistons-langdon-gm.html,0,2,7.5
2026-10-01,https://sixten.jp/journal/289-ben-simmons-kings-media-day.html?utm_source=threads,0,2,4.5
2026-10-01,https://sixten.jp/journal/290-clippers-apologize-fans-leonard-investigation.html?utm_source=threads,0,3,8.3
2026-10-01,https://sixten.jp/journal/294-hornets-waive-dillingham.html,0,1,7
2026-10-01,https://sixten.jp/journal/295-76ers-sacrifice-media-day.html,0,1,9
2026-10-01,https://sixten.jp/journal/296-lillard-morant-blazers-backcourt.html,0,5,4
2026-10-01,https://sixten.jp/journal/299-bucks-trent-jr-investigation.html,0,2,19.5
2026-10-01,https://sixten.jp/journal/301-edwards-cede-pg-duties-lamelo-ball.html,0,2,4.5
2026-10-01,https://sixten.jp/journal/302-jimmy-butler-acl-rehab-ahead.html,0,8,5.2
2026-10-01,https://sixten.jp/journal/303-anthony-davis-wizards-extension-wait.html,0,3,28
2026-10-01,https://sixten.jp/journal/304-zion-williamson-not-where-i-want-to-be.html,0,3,10.3
2026-10-01,https://sixten.jp/journal/305-tatum-comfortable-leading-celtics-post-brown-trade.html,0,1,9
2026-10-01,https://sixten.jp/journal/308-bronny-james-own-path.html,0,108,11.2
2026-10-01,https://sixten.jp/journal/309-air-jordan-4-j-balvin-amazonas.html,1,35,8.3
2026-10-01,https://sixten.jp/journal/312-suns-ishbia-mortgage-no-effect.html,0,1,7
2026-10-01,https://sixten.jp/journal/315-embiid-full-participant-sixers-practice.html,0,1,13
2026-10-01,https://sixten.jp/journal/316-brandon-ingram-achilles-clippers.html,0,2,3
2026-10-01,https://sixten.jp/journal/318-chiba-sky-wings-3x3-miyako.html,0,1,6
2026-10-01,https://sixten.jp/journal/319-kawhi-leonard-raptors-media-day.html?utm_source=threads,0,2,3
2026-10-01,https://sixten.jp/journal/321-nba-push-off-officiating.html,1,8,3
2026-10-01,https://sixten.jp/journal/323-uniqlo-jwbf-partnership.html,1,4,10.2
2026-10-01,https://sixten.jp/journal/324-nike-caitlin-1-halloween.html,0,1,14
2026-10-01,https://sixten.jp/journal/325-bs10-bpremier-free-broadcast.html,0,1,1
2026-10-01,https://sixten.jp/journal/326-jordan-jersey-record-auction.html,0,3,2.3
2026-10-01,https://sixten.jp/journal/328-towns-knicks-pay-cut-andrews.html,0,2,9
2026-10-01,https://sixten.jp/journal/329-ryan-nembhard-nuggets-two-way.html,0,5,5.8
2026-10-01,https://sixten.jp/journal/329-ryan-nembhard-nuggets-two-way.html?utm_source=threads,0,2,5.5
2026-10-01,https://sixten.jp/journal/330-air-jordan-4028-black-volt.html,0,4,17.5
2026-10-01,https://sixten.jp/journal/332-air-jordan-4-amazonas-j-balvin.html,4,77,5.0
2026-10-01,https://sixten.jp/journal/336-jamal-shead-raptors-extension.html,0,6,3.3
2026-10-01,https://sixten.jp/journal/337-donovan-mitchell-adidas-extension.html,0,1,4
2026-10-01,https://sixten.jp/media/chris-basketball-diary.html,0,10,9.6
2026-10-01,https://sixten.jp/media/starting5ive.html,0,5,3.8
2026-10-02,https://sixten.jp/,0,1,1
2026-10-02,https://sixten.jp/index.html,0,2,7.5
2026-10-02,https://sixten.jp/journal/,0,33,9.5
2026-10-02,https://sixten.jp/journal/001-banned-aj1.html,0,1,5
2026-10-02,https://sixten.jp/journal/007-osakabe-donation.html,0,1,9
2026-10-02,https://sixten.jp/journal/035-fukuyama-denix-homegame.html,0,1,6
2026-10-02,https://sixten.jp/journal/037-haruyoshi-yanagigaura.html,0,1,8
2026-10-02,https://sixten.jp/journal/069-meitetsu-fe-nagoya-court.html,0,1,11
2026-10-02,https://sixten.jp/journal/074-amen-thompson-rockets-extension.html,0,1,6
2026-10-02,https://sixten.jp/journal/078-gunma-crane-thunders-slogan.html,0,1,8
2026-10-02,https://sixten.jp/journal/085-nike-sabrina-4-the-switch.html,0,1,18
2026-10-02,https://sixten.jp/journal/089-bucks-2026-27-season-preview.html,0,1,6
2026-10-02,https://sixten.jp/journal/095-bulls-2026-27-season-preview.html,3,6,4
2026-10-02,https://sixten.jp/journal/101-nike-book-2-halloween.html,0,3,11
2026-10-02,https://sixten.jp/journal/104-wizards-nichols-vp-promotion.html,0,1,9
2026-10-02,https://sixten.jp/journal/110-anta-kai-3-alchemist.html,0,1,10
2026-10-02,https://sixten.jp/journal/118-air-jordan-4-fire-red-2027.html,0,1,20
2026-10-02,https://sixten.jp/journal/139-ua-fox-3.html,0,1,9
2026-10-02,https://sixten.jp/journal/143-nba-2026-27-how-to-watch-japan.html,2,8,8.4
2026-10-02,https://sixten.jp/journal/150-bleague-asobisystem-kawaiilab.html,0,1,10
2026-10-02,https://sixten.jp/journal/151-bleague-premier-guide.html,0,21,8.1
2026-10-02,https://sixten.jp/journal/152-nba-cup-guide.html,0,3,6
2026-10-02,https://sixten.jp/journal/160-palsystem-saitama-broncos.html,0,1,6
2026-10-02,https://sixten.jp/journal/161-nike-air-force-1-leopard.html,0,1,8
2026-10-02,https://sixten.jp/journal/162-air-jordan-1-low-halloween.html,0,1,5
2026-10-02,https://sixten.jp/journal/164-nike-caitlin-1-signature.html,0,1,7
2026-10-02,https://sixten.jp/journal/174-kobe-5-protro-what-the-rick.html,0,1,6
2026-10-02,https://sixten.jp/journal/179-kobe-3-protro-black-white.html,0,1,7
2026-10-02,https://sixten.jp/journal/180-garmin-yokohama-bcorsairs-partnership.html,0,1,4
2026-10-02,https://sixten.jp/journal/181-steady-veltex-shizuoka-partnership.html,0,1,4
2026-10-02,https://sixten.jp/journal/188-onecareer-alvark-partnership.html,0,1,11
2026-10-02,https://sixten.jp/journal/192-jrwest-hokuriku-derby-campaign.html,0,2,10.5
2026-10-02,https://sixten.jp/journal/206-japan-women-kazakhstan-asian-games.html,0,1,10
2026-10-02,https://sixten.jp/journal/207-japan-korea-asian-games-final.html,0,1,6
2026-10-02,https://sixten.jp/journal/211-clippers-interim-governor-ceo.html,0,1,4
2026-10-02,https://sixten.jp/journal/219-japan-women-philippines-asian-games.html,0,1,8
2026-10-02,https://sixten.jp/journal/238-361-oba-takeru-ambassador.html,0,1,8
2026-10-02,https://sixten.jp/journal/239-nba-rank-2026-top10.html,0,1,9
2026-10-02,https://sixten.jp/journal/243-broncos-urawa-reds-partnership.html,0,4,8.8
2026-10-02,https://sixten.jp/journal/247-pelinka-lebron-exit-lakers-reset.html,0,1,6
2026-10-02,https://sixten.jp/journal/255-shinagawa-cc-wildcats-3xs-homegame.html,0,1,10
2026-10-02,https://sixten.jp/journal/256-brunson-cleared-wrist-surgery.html,0,2,10.5
2026-10-02,https://sixten.jp/journal/264-nba-rank-2026-audit-metrics.html,0,1,10
2026-10-02,https://sixten.jp/journal/265-bulls-trade-dillingham-hield-hornets.html,0,1,10
2026-10-02,https://sixten.jp/journal/268-duren-pistons-contract-standoff.html,0,2,16
2026-10-02,https://sixten.jp/journal/269-kobe-10-protro-blue-lagoon.html,1,4,5.2
2026-10-02,https://sixten.jp/journal/270-porzingis-warriors-health-issue.html,0,1,10
2026-10-02,https://sixten.jp/journal/271-kawhi-leonard-focused-raptors.html,0,2,8.5
2026-10-02,https://sixten.jp/journal/274-haliburton-no-restrictions-achilles-return.html?utm_source=threads,0,3,9
2026-10-02,https://sixten.jp/journal/276-giannis-heat-media-day-best-player.html,0,2,3
2026-10-02,https://sixten.jp/journal/282-nba-media-day-2026-quotes-roundup.html,0,3,8.7
2026-10-02,https://sixten.jp/journal/283-brandon-miller-hornets-camp-ready.html,0,1,10
2026-10-02,https://sixten.jp/journal/284-warriors-2027-cap-space-bobby-marks.html,0,1,9
2026-10-02,https://sixten.jp/journal/285-mitchell-harden-cavaliers-media-day.html,0,1,7
2026-10-02,https://sixten.jp/journal/286-doncic-lakers-lebron-exit.html,0,1,7
2026-10-02,https://sixten.jp/journal/294-hornets-waive-dillingham.html,0,3,3.7
2026-10-02,https://sixten.jp/journal/302-jimmy-butler-acl-rehab-ahead.html,1,6,4.2
2026-10-02,https://sixten.jp/journal/304-zion-williamson-not-where-i-want-to-be.html,0,3,11
2026-10-02,https://sixten.jp/journal/308-bronny-james-own-path.html,0,82,10.6
2026-10-02,https://sixten.jp/journal/309-air-jordan-4-j-balvin-amazonas.html,0,6,5.5
2026-10-02,https://sixten.jp/journal/312-suns-ishbia-mortgage-no-effect.html,0,1,9
2026-10-02,https://sixten.jp/journal/316-brandon-ingram-achilles-clippers.html,1,3,4.7
2026-10-02,https://sixten.jp/journal/317-kessler-lakers-defense.html?utm_source=threads,0,1,9
2026-10-02,https://sixten.jp/journal/318-chiba-sky-wings-3x3-miyako.html,0,1,8
2026-10-02,https://sixten.jp/journal/321-nba-push-off-officiating.html,1,2,4.5
2026-10-02,https://sixten.jp/journal/325-bs10-bpremier-free-broadcast.html,0,2,10.5
2026-10-02,https://sixten.jp/journal/326-jordan-jersey-record-auction.html,0,2,8
2026-10-02,https://sixten.jp/journal/328-towns-knicks-pay-cut-andrews.html,0,1,4
2026-10-02,https://sixten.jp/journal/329-ryan-nembhard-nuggets-two-way.html,0,5,6.8
2026-10-02,https://sixten.jp/journal/330-air-jordan-4028-black-volt.html,0,4,1.8
2026-10-02,https://sixten.jp/journal/331-igarashi-venex-ambassador.html,0,1,5
2026-10-02,https://sixten.jp/journal/332-air-jordan-4-amazonas-j-balvin.html,0,16,5.2
2026-10-02,https://sixten.jp/journal/336-jamal-shead-raptors-extension.html,0,4,4.2
2026-10-02,https://sixten.jp/journal/337-donovan-mitchell-adidas-extension.html,0,1,7
2026-10-02,https://sixten.jp/journal/338-unext-easl-2026-27-live.html,0,1,6
2026-10-02,https://sixten.jp/journal/339-wembanyama-betting-sites.html,0,2,3
2026-10-02,https://sixten.jp/journal/342-nishida-brothers-fan-space.html,1,12,4.2
2026-10-02,https://sixten.jp/journal/346-nike-kobe-ad-protro-laser-orange.html,1,11,6
2026-10-02,https://sixten.jp/journal/kicks/,0,1,29
2026-10-02,https://sixten.jp/media/chris-basketball-diary.html,0,38,7.7
2026-10-02,https://sixten.jp/media/starting5ive.html,0,1,7
2026-10-03,https://sixten.jp/index.html,0,1,20
2026-10-03,https://sixten.jp/journal/,0,42,12.0
2026-10-03,https://sixten.jp/journal/001-banned-aj1.html,0,3,8.3
2026-10-03,https://sixten.jp/journal/040-williams-warriors.html,0,1,13
2026-10-03,https://sixten.jp/journal/043-payrollcup-4th-wheelchair.html,0,1,4
2026-10-03,https://sixten.jp/journal/064-unext-bleague-streaming.html,0,3,13
2026-10-03,https://sixten.jp/journal/067-tacko-fall-76ers-camp.html,0,1,2
2026-10-03,https://sixten.jp/journal/076-kings-u15-okinawa-qualifier.html,0,1,8
2026-10-03,https://sixten.jp/journal/090-air-jordan-12-idols-become-rivals.html,0,1,11
2026-10-03,https://sixten.jp/journal/101-nike-book-2-halloween.html,0,1,5
2026-10-03,https://sixten.jp/journal/109-tokyo-z-avantgardey.html,0,1,8
2026-10-03,https://sixten.jp/journal/114-jordan-tatum-5.html,1,2,6.5
2026-10-03,https://sixten.jp/journal/121-jordan-tatum-5-sunrise.html,0,2,9.5
2026-10-03,https://sixten.jp/journal/143-nba-2026-27-how-to-watch-japan.html,0,14,8.9
2026-10-03,https://sixten.jp/journal/145-jordan-tatum-signature-series.html,0,5,6.8
2026-10-03,https://sixten.jp/journal/146-payroll-cup-wheelchair-basketball.html,0,1,8
2026-10-03,https://sixten.jp/journal/150-bleague-asobisystem-kawaiilab.html,0,1,5
2026-10-03,https://sixten.jp/journal/151-bleague-premier-guide.html,0,30,9.3
2026-10-03,https://sixten.jp/journal/152-nba-cup-guide.html,0,3,6.7
2026-10-03,https://sixten.jp/journal/157-kawhi-leonard-trade-done-deal.html,0,1,7
2026-10-03,https://sixten.jp/journal/160-palsystem-saitama-broncos.html,0,1,6
2026-10-03,https://sixten.jp/journal/162-air-jordan-1-low-halloween.html,0,1,8
2026-10-03,https://sixten.jp/journal/168-kobe-8-protro-mambacurial.html,0,2,4
2026-10-03,https://sixten.jp/journal/175-saga-ballooners-premier-opener.html,0,1,5
2026-10-03,https://sixten.jp/journal/177-reath-suns-signing.html,1,1,6
2026-10-03,https://sixten.jp/journal/179-kobe-3-protro-black-white.html,0,1,3
2026-10-03,https://sixten.jp/journal/181-steady-veltex-shizuoka-partnership.html,0,2,7
2026-10-03,https://sixten.jp/journal/192-jrwest-hokuriku-derby-campaign.html,0,1,11
2026-10-03,https://sixten.jp/journal/202-pelle-larson-heat-extension.html,0,2,3
2026-10-03,https://sixten.jp/journal/235-mavericks-lively-not-cleared-camp.html,0,1,4
2026-10-03,https://sixten.jp/journal/238-361-oba-takeru-ambassador.html,0,1,7
2026-10-03,https://sixten.jp/journal/245-thunder-presti-preseason-presser.html,0,1,3
2026-10-03,https://sixten.jp/journal/246-bob-pettit-dies.html,0,1,10
2026-10-03,https://sixten.jp/journal/253-lebron-76ers-decision-maxey-embiid.html,0,2,10
2026-10-03,https://sixten.jp/journal/255-shinagawa-cc-wildcats-3xs-homegame.html,0,1,4
2026-10-03,https://sixten.jp/journal/264-nba-rank-2026-audit-metrics.html,0,1,4
2026-10-03,https://sixten.jp/journal/269-kobe-10-protro-blue-lagoon.html,2,13,5.6
2026-10-03,https://sixten.jp/journal/271-kawhi-leonard-focused-raptors.html,0,6,4.8
2026-10-03,https://sixten.jp/journal/274-haliburton-no-restrictions-achilles-return.html,0,1,5
2026-10-03,https://sixten.jp/journal/276-giannis-heat-media-day-best-player.html,0,3,5.7
2026-10-03,https://sixten.jp/journal/278-curry-knee-ready-kerr-lendeborg.html,0,1,5
2026-10-03,https://sixten.jp/journal/280-clippers-ingram-partial-achilles-tear.html,0,1,4
2026-10-03,https://sixten.jp/journal/282-nba-media-day-2026-quotes-roundup.html,0,4,10
2026-10-03,https://sixten.jp/journal/284-warriors-2027-cap-space-bobby-marks.html,0,1,2
2026-10-03,https://sixten.jp/journal/287-duren-pistons-langdon-gm.html,0,1,6
2026-10-03,https://sixten.jp/journal/294-hornets-waive-dillingham.html,0,1,3
2026-10-03,https://sixten.jp/journal/296-lillard-morant-blazers-backcourt.html,0,2,6.5
2026-10-03,https://sixten.jp/journal/302-jimmy-butler-acl-rehab-ahead.html,0,12,4.4
2026-10-03,https://sixten.jp/journal/303-anthony-davis-wizards-extension-wait.html,0,1,14
2026-10-03,https://sixten.jp/journal/308-bronny-james-own-path.html,0,91,10.9
2026-10-03,https://sixten.jp/journal/309-air-jordan-4-j-balvin-amazonas.html,0,3,9.7
2026-10-03,https://sixten.jp/journal/310-ss-andteras-partnership.html,1,1,11
2026-10-03,https://sixten.jp/journal/315-embiid-full-participant-sixers-practice.html,0,1,5
2026-10-03,https://sixten.jp/journal/316-brandon-ingram-achilles-clippers.html,0,3,5.7
2026-10-03,https://sixten.jp/journal/318-chiba-sky-wings-3x3-miyako.html,0,2,8.5
2026-10-03,https://sixten.jp/journal/319-kawhi-leonard-raptors-media-day.html,0,1,9
2026-10-03,https://sixten.jp/journal/321-nba-push-off-officiating.html,11,35,2.3
2026-10-03,https://sixten.jp/journal/323-uniqlo-jwbf-partnership.html,0,2,10
2026-10-03,https://sixten.jp/journal/325-bs10-bpremier-free-broadcast.html,0,2,1
2026-10-03,https://sixten.jp/journal/327-maxey-76ers-judged-by-winning.html,0,1,12
2026-10-03,https://sixten.jp/journal/328-towns-knicks-pay-cut-andrews.html,0,1,8
2026-10-03,https://sixten.jp/journal/329-ryan-nembhard-nuggets-two-way.html,0,1,8
2026-10-03,https://sixten.jp/journal/330-air-jordan-4028-black-volt.html,0,1,2
2026-10-03,https://sixten.jp/journal/332-air-jordan-4-amazonas-j-balvin.html,1,5,8.6
2026-10-03,https://sixten.jp/journal/336-jamal-shead-raptors-extension.html,0,1,3
2026-10-03,https://sixten.jp/journal/338-unext-easl-2026-27-live.html,0,1,9
2026-10-03,https://sixten.jp/journal/339-wembanyama-betting-sites.html,1,4,7
2026-10-03,https://sixten.jp/journal/342-nishida-brothers-fan-space.html,1,17,4.3
2026-10-03,https://sixten.jp/journal/344-johnson-donovan-spurs-assistant.html,0,2,8
2026-10-03,https://sixten.jp/journal/346-nike-kobe-ad-protro-laser-orange.html,0,34,7.0
2026-10-03,https://sixten.jp/journal/350-wleague-2026-27-okinawa-opener.html,0,7,6
2026-10-03,https://sixten.jp/journal/351-grizzlies-waive-hawkins.html,0,40,8.7
2026-10-03,https://sixten.jp/journal/354-lebron-great-first-step-76ers-scrimmage.html,0,4,4.5
2026-10-03,https://sixten.jp/journal/japan/,0,1,2
2026-10-03,https://sixten.jp/journal/projects/,0,1,26
2026-10-03,https://sixten.jp/media/chris-basketball-diary.html,0,20,7.3
2026-10-03,https://sixten.jp/media/starting5ive.html,0,1,5
2026-10-04,https://sixten.jp/index.html,0,1,1
2026-10-04,https://sixten.jp/journal/,0,43,10.0
2026-10-04,https://sixten.jp/journal/001-banned-aj1.html,0,4,8.2
2026-10-04,https://sixten.jp/journal/022-hachimura-clippers.html,0,1,6
2026-10-04,https://sixten.jp/journal/069-meitetsu-fe-nagoya-court.html,0,1,2
2026-10-04,https://sixten.jp/journal/076-kings-u15-okinawa-qualifier.html,0,5,9.2
2026-10-04,https://sixten.jp/journal/085-nike-sabrina-4-the-switch.html,0,1,3
2026-10-04,https://sixten.jp/journal/095-bulls-2026-27-season-preview.html,0,3,8.3
2026-10-04,https://sixten.jp/journal/097-76ers-flyers-new-arena.html,0,1,2
2026-10-04,https://sixten.jp/journal/101-nike-book-2-halloween.html,1,4,6.8
2026-10-04,https://sixten.jp/journal/106-air-jordan-7-tennis-day.html,0,1,5
2026-10-04,https://sixten.jp/journal/109-tokyo-z-avantgardey.html,0,1,7
2026-10-04,https://sixten.jp/journal/114-jordan-tatum-5.html,0,3,9.3
2026-10-04,https://sixten.jp/journal/121-jordan-tatum-5-sunrise.html,0,1,10
2026-10-04,https://sixten.jp/journal/139-ua-fox-3.html,0,2,9.5
2026-10-04,https://sixten.jp/journal/143-nba-2026-27-how-to-watch-japan.html,0,8,11
2026-10-04,https://sixten.jp/journal/145-jordan-tatum-signature-series.html,0,3,10
2026-10-04,https://sixten.jp/journal/146-payroll-cup-wheelchair-basketball.html,0,1,3
2026-10-04,https://sixten.jp/journal/150-bleague-asobisystem-kawaiilab.html,0,5,16
2026-10-04,https://sixten.jp/journal/151-bleague-premier-guide.html,0,15,7.1
2026-10-04,https://sixten.jp/journal/152-nba-cup-guide.html,0,3,6
2026-10-04,https://sixten.jp/journal/162-air-jordan-1-low-halloween.html,0,1,5
2026-10-04,https://sixten.jp/journal/168-kobe-8-protro-mambacurial.html,0,2,3.5
2026-10-04,https://sixten.jp/journal/171-nba-future-power-rankings-2026-27.html,0,1,7
2026-10-04,https://sixten.jp/journal/174-kobe-5-protro-what-the-rick.html,0,1,1
2026-10-04,https://sixten.jp/journal/182-resona-bleague-2026-27-keyvisual.html,0,1,8
2026-10-04,https://sixten.jp/journal/186-michael-sweetney-dies.html,0,1,10
2026-10-04,https://sixten.jp/journal/202-pelle-larson-heat-extension.html,0,1,7
2026-10-04,https://sixten.jp/journal/207-japan-korea-asian-games-final.html,0,1,11
2026-10-04,https://sixten.jp/journal/211-clippers-interim-governor-ceo.html,0,1,4
2026-10-04,https://sixten.jp/journal/226-clippers-redden-interim-president.html,0,1,1
2026-10-04,https://sixten.jp/journal/234-nike-sabrina-4-halloween-vampire.html,0,5,2.6
2026-10-04,https://sixten.jp/journal/241-aisaac-shinshu-brave-warriors.html,1,1,10
2026-10-04,https://sixten.jp/journal/246-bob-pettit-dies.html,0,1,8
2026-10-04,https://sixten.jp/journal/255-shinagawa-cc-wildcats-3xs-homegame.html,1,3,4.7
2026-10-04,https://sixten.jp/journal/259-hotscape-saitama-broncos-partnership.html,0,1,25
2026-10-04,https://sixten.jp/journal/260-kyrie-irving-acl-recovery-no-restrictions.html,0,2,2
2026-10-04,https://sixten.jp/journal/261-warriors-curry-extension.html,0,1,8
2026-10-04,https://sixten.jp/journal/266-dennis-smith-jr-heat-deal.html,0,1,9
2026-10-04,https://sixten.jp/journal/269-kobe-10-protro-blue-lagoon.html,0,30,5.4
2026-10-04,https://sixten.jp/journal/271-kawhi-leonard-focused-raptors.html,0,4,6.5
2026-10-04,https://sixten.jp/journal/274-haliburton-no-restrictions-achilles-return.html,0,7,8.9
2026-10-04,https://sixten.jp/journal/276-giannis-heat-media-day-best-player.html,0,3,6.7
2026-10-04,https://sixten.jp/journal/279-wembanyama-finals-motivation-spurs.html,0,1,15
2026-10-04,https://sixten.jp/journal/280-clippers-ingram-partial-achilles-tear.html,0,3,3.7
2026-10-04,https://sixten.jp/journal/282-nba-media-day-2026-quotes-roundup.html,0,2,1
2026-10-04,https://sixten.jp/journal/290-clippers-apologize-fans-leonard-investigation.html?utm_source=threads,0,4,6
2026-10-04,https://sixten.jp/journal/292-thunder-daigneault-spurs-media-day.html?utm_source=threads,0,1,10
2026-10-04,https://sixten.jp/journal/294-hornets-waive-dillingham.html,0,1,1
2026-10-04,https://sixten.jp/journal/295-76ers-sacrifice-media-day.html,0,1,6
2026-10-04,https://sixten.jp/journal/296-lillard-morant-blazers-backcourt.html,0,3,4.3
2026-10-04,https://sixten.jp/journal/301-edwards-cede-pg-duties-lamelo-ball.html,0,1,11
2026-10-04,https://sixten.jp/journal/302-jimmy-butler-acl-rehab-ahead.html,2,18,4.6
2026-10-04,https://sixten.jp/journal/308-bronny-james-own-path.html,0,169,10.5
2026-10-04,https://sixten.jp/journal/315-embiid-full-participant-sixers-practice.html,0,1,9
2026-10-04,https://sixten.jp/journal/316-brandon-ingram-achilles-clippers.html,0,12,4.8
2026-10-04,https://sixten.jp/journal/317-kessler-lakers-defense.html?utm_source=threads,0,2,7.5
2026-10-04,https://sixten.jp/journal/321-nba-push-off-officiating.html,28,123,2.5
2026-10-04,https://sixten.jp/journal/323-uniqlo-jwbf-partnership.html,0,4,8.8
2026-10-04,https://sixten.jp/journal/329-ryan-nembhard-nuggets-two-way.html,0,16,11.4
2026-10-04,https://sixten.jp/journal/332-air-jordan-4-amazonas-j-balvin.html,0,6,9.8
2026-10-04,https://sixten.jp/journal/334-nba-coaches-under-pressure.html,0,1,4
2026-10-04,https://sixten.jp/journal/336-jamal-shead-raptors-extension.html,0,3,6
2026-10-04,https://sixten.jp/journal/338-unext-easl-2026-27-live.html,0,1,11
2026-10-04,https://sixten.jp/journal/341-duren-pistons-200m-deal-agreed.html,0,2,6.5
2026-10-04,https://sixten.jp/journal/342-nishida-brothers-fan-space.html,0,13,4.7
2026-10-04,https://sixten.jp/journal/343-shinjuku-givers-3x3-season2.html,0,1,9
2026-10-04,https://sixten.jp/journal/344-johnson-donovan-spurs-assistant.html,0,2,7
2026-10-04,https://sixten.jp/journal/344-johnson-donovan-spurs-assistant.html?utm_source=threads,0,1,9
2026-10-04,https://sixten.jp/journal/346-nike-kobe-ad-protro-laser-orange.html,0,11,8.3
2026-10-04,https://sixten.jp/journal/350-wleague-2026-27-okinawa-opener.html,0,6,4.8
2026-10-04,https://sixten.jp/journal/351-grizzlies-waive-hawkins.html,1,14,10.3
2026-10-04,https://sixten.jp/journal/354-lebron-great-first-step-76ers-scrimmage.html,0,8,5.9
2026-10-04,https://sixten.jp/journal/index.html?cat=KICKS,0,1,7
2026-10-04,https://sixten.jp/media/chris-basketball-diary.html,0,17,4.7
2026-10-04,https://sixten.jp/media/starting5ive.html,0,1,5
2026-10-05,https://sixten.jp/,0,1,1
2026-10-05,https://sixten.jp/journal/,0,17,10.9
2026-10-05,https://sixten.jp/journal/001-banned-aj1.html,0,4,5.8
2026-10-05,https://sixten.jp/journal/012-glion-kobe-camp.html,0,1,9
2026-10-05,https://sixten.jp/journal/038-jue-jones-cup-wkbl.html,0,1,17
2026-10-05,https://sixten.jp/journal/040-williams-warriors.html,0,3,9.3
2026-10-05,https://sixten.jp/journal/061-hamada-sakai-ambassador.html,0,1,5
2026-10-05,https://sixten.jp/journal/076-kings-u15-okinawa-qualifier.html,0,1,8
2026-10-05,https://sixten.jp/journal/095-bulls-2026-27-season-preview.html,1,1,2
2026-10-05,https://sixten.jp/journal/101-nike-book-2-halloween.html,0,2,5
2026-10-05,https://sixten.jp/journal/111-nba-2026-27-tier-preview.html,0,1,8
2026-10-05,https://sixten.jp/journal/114-jordan-tatum-5.html,0,2,10
2026-10-05,https://sixten.jp/journal/150-bleague-asobisystem-kawaiilab.html,0,1,9
2026-10-05,https://sixten.jp/journal/151-bleague-premier-guide.html,1,8,5.9
2026-10-05,https://sixten.jp/journal/152-nba-cup-guide.html,0,3,8.3
2026-10-05,https://sixten.jp/journal/165-celtics-offseason-tatum-return.html,0,2,5.5
2026-10-05,https://sixten.jp/journal/175-saga-ballooners-premier-opener.html,0,1,9
2026-10-05,https://sixten.jp/journal/191-lebron-24-chosen-1s.html,0,1,11
2026-10-05,https://sixten.jp/journal/202-pelle-larson-heat-extension.html,0,1,12
2026-10-05,https://sixten.jp/journal/210-espn-key-number-every-team.html,0,1,9
2026-10-05,https://sixten.jp/journal/212-nicolas-batum-retires.html,0,1,6
2026-10-05,https://sixten.jp/journal/234-nike-sabrina-4-halloween-vampire.html,0,2,2
2026-10-05,https://sixten.jp/journal/241-aisaac-shinshu-brave-warriors.html,0,1,7
2026-10-05,https://sixten.jp/journal/255-shinagawa-cc-wildcats-3xs-homegame.html,0,2,4.5
2026-10-05,https://sixten.jp/journal/260-kyrie-irving-acl-recovery-no-restrictions.html,0,1,1
2026-10-05,https://sixten.jp/journal/269-kobe-10-protro-blue-lagoon.html,0,10,8.9
2026-10-05,https://sixten.jp/journal/274-haliburton-no-restrictions-achilles-return.html,0,5,7.4
2026-10-05,https://sixten.jp/journal/276-giannis-heat-media-day-best-player.html,0,1,8
2026-10-05,https://sixten.jp/journal/282-nba-media-day-2026-quotes-roundup.html,0,3,7.7
2026-10-05,https://sixten.jp/journal/286-doncic-lakers-lebron-exit.html,0,1,5
2026-10-05,https://sixten.jp/journal/290-clippers-apologize-fans-leonard-investigation.html?utm_source=threads,0,1,5
2026-10-05,https://sixten.jp/journal/292-thunder-daigneault-spurs-media-day.html,0,1,11
2026-10-05,https://sixten.jp/journal/296-lillard-morant-blazers-backcourt.html,0,1,9
2026-10-05,https://sixten.jp/journal/302-jimmy-butler-acl-rehab-ahead.html,0,6,6.5
2026-10-05,https://sixten.jp/journal/308-bronny-james-own-path.html,0,57,10.7
2026-10-05,https://sixten.jp/journal/316-brandon-ingram-achilles-clippers.html,0,6,7.2
2026-10-05,https://sixten.jp/journal/319-kawhi-leonard-raptors-media-day.html,0,1,8
2026-10-05,https://sixten.jp/journal/321-nba-push-off-officiating.html,4,14,2.1
2026-10-05,https://sixten.jp/journal/323-uniqlo-jwbf-partnership.html,0,1,10
2026-10-05,https://sixten.jp/journal/329-ryan-nembhard-nuggets-two-way.html,0,5,10.6
2026-10-05,https://sixten.jp/journal/331-igarashi-venex-ambassador.html,0,1,8
2026-10-05,https://sixten.jp/journal/332-air-jordan-4-amazonas-j-balvin.html,0,1,10
2026-10-05,https://sixten.jp/journal/338-unext-easl-2026-27-live.html,0,2,4
2026-10-05,https://sixten.jp/journal/339-wembanyama-betting-sites.html,0,1,9
2026-10-05,https://sixten.jp/journal/342-nishida-brothers-fan-space.html,1,16,4.6
2026-10-05,https://sixten.jp/journal/343-shinjuku-givers-3x3-season2.html,0,1,7
2026-10-05,https://sixten.jp/journal/344-johnson-donovan-spurs-assistant.html,0,1,13
2026-10-05,https://sixten.jp/journal/346-nike-kobe-ad-protro-laser-orange.html,1,5,7.4
2026-10-05,https://sixten.jp/journal/349-nba-expansion-vegas-seattle-blazers.html,0,1,8
2026-10-05,https://sixten.jp/journal/350-wleague-2026-27-okinawa-opener.html,0,1,21
2026-10-05,https://sixten.jp/journal/351-grizzlies-waive-hawkins.html,0,2,9
2026-10-05,https://sixten.jp/journal/354-lebron-great-first-step-76ers-scrimmage.html,0,2,3
2026-10-05,https://sixten.jp/journal/355-vrtx-chiba-jets-partner.html,0,1,4
2026-10-05,https://sixten.jp/journal/356-tissot-supersport-nba.html,0,1,7
2026-10-05,https://sixten.jp/journal/kicks/,0,2,4
2026-10-05,https://sixten.jp/media/chris-basketball-diary.html,0,17,5.9
2026-10-05,https://sixten.jp/media/postup.html,0,1,3
